ticket_id,description,root_cause,resolution
KAFKA-13139,"Empty response after requesting to restart a connector without the tasks results in NPE. After https://issues.apache.org/jira/browse/KAFKA-4793 a response to restart only the connector (without any tasks) returns OK with an empty body.   As system test runs revealed, this causes an NPE in [https://github.com/apache/kafka/blob/trunk/connect/runtime/src/main/java/org/apache/kafka/connect/runtime/rest/RestClient.java#L135]  We should return 204 (NO_CONTENT) instead.   This is a regression from previous behavior, therefore the ticket is marked as a blocker candidate for 3.0","The restart-connector REST path returned HTTP 200 with an empty body when no tasks were restarted, but the client expected a response body and dereferenced it, causing an NPE.","Thanks a lot [~rhauch] and [~kkonstantine] for taking care of the fix and unblocking the release. | Just to clarify what appears to have happened.  As [~kpatelatwork] [mentions in a comment on the PR|https://github.com/apache/kafka/pull/11132], the behavior of the Connect restart API in AK 2.8 and e"
KAFKA-13129,"Fix broken system tests relate to the ConfigCommand change. After KAFKA-12598, the system tests failed in {{upgrade_test}}, {{zookeeper_tls_encrypt_only_test.py,}} and {{zookeeper_tls_test.py}}. Fix them.",A ConfigCommand change broke the upgrade and ZooKeeper TLS system tests because the tests were not updated for the changed CLI/config behavior.,Fixed
KAFKA-13128,Flaky Test StoreQueryIntegrationTest.shouldQueryStoresAfterAddingAndRemovingStreamThread. h3. Stacktrace  java.lang.AssertionError: Expected: is not null but: was null    at org.hamcrest.MatcherAssert.assertThat(MatcherAssert.java:20)    at org.hamcrest.MatcherAssert.assertThat(MatcherAssert.java:6)   at org.apache.kafka.streams.integration.StoreQueryIntegrationTest.lambda$shouldQueryStoresAfterAddingAndRemovingStreamThread$19(StoreQueryIntegrationTest.java:461)   at org.apache.kafka.streams.integration.StoreQueryIntegrationTest.until(StoreQueryIntegrationTest.java:506)   at org.apache.kafka.streams.integration.StoreQueryIntegrationTest.shouldQueryStoresAfterAddingAndRemovingStreamThread(StoreQueryIntegrationTest.java:455)     https://ci-builds.apache.org/job/Kafka/job/kafka-pr/job/PR-11085/5/testReport/org.apache.kafka.streams.integration/StoreQueryIntegrationTest/Build___JDK_,"The test races with asynchronous StreamThread/store updates, so the queried store entry can be observed before it is populated.","The failure is from the second line in this series of assertions  {code:java} assertThat(store1.get(key), is(notNullValue())); assertThat(store1.get(key2), is(notNullValue())); assertThat(store1.get(k"
KAFKA-13127,Fix stray partition lookup logic. The result of `BrokerMetadataPublisher.findGhostReplicas` is inverted. It returns all of the non-stray replicas. This causes all of these partitions to get deleted on startup by mistake.,The result of `BrokerMetadataPublisher.findGhostReplicas` is inverted.,Fixed
KAFKA-13126,"Overflow in joinGroupTimeoutMs when max.poll.interval.ms is MAX_VALUE leads to missing rebalances. In older versions of Kafka Streams, the {{max.poll.interval.ms}} config was overridden by default to {{Integer.MAX_VALUE}}. Even after we removed this override, users of both the plain consumer client and kafka streams still set the poll interval to MAX_VALUE somewhat often. Unfortunately, this causes an overflow when computing the {{joinGroupTimeoutMs}} and results in it being set to the {{request.timeout.ms}} instead, which is much lower.  This can easily make consumers drop out of the group, since they must rejoin now within 30s (by default) but have no obligation to almost ever call poll() given the high {{max.poll.interval.ms}} – basically they will only do so after processing the last record from the previously polled batch. So in heavy processing cases, where each record takes a lon","Unfortunately, this causes an overflow when computing the `joinGroupTimeoutMs` and results in it being set to the `request.timeout.ms` instead, which is much lower.",Fixed
KAFKA-13122,"resource leak due to not close KeyValueIterator implemented instances. Found there are ""many"" KeyValueIterator implemented instances don't explicitly get closed, which will cause resource leak.  From the java doc in KeyValueIterator:  {color:#808080}* Users must call its {{color}{color:#808080}@code {color}{color:#808080}close} method explicitly upon completeness to release resources{color}     This issue mostly happen in tests because we usually query state store to get result iterator, and then do verification, but forgot close it. This issue also *appear in the example code in our developer guide docs*.     I'll use try-with-resource to fix them. To avoid huge PR created, I split this bug into 3 sub-tasks.","`KeyValueIterator` instances are not explicitly closed after use, so resources owned by the iterators remain allocated.","All sub-tasks are resolved. Closing this ticket. | Thank you, I hope I've fixed all the resource leaks! | Nice findings, thanks [~showuon]!"
KAFKA-13119,Validate the KRaft controllerListener config on startup. ,Startup validation was missing for the KRaft controller listener configuration.,Fixed
KAFKA-13106,"Offsets deletion error. When I use:  kafka-consumer-groups.sh --bootstrap-server broker:9092 --delete-offsets --group myGroup --topic myTopic     I have a error:     SLF4J: Class path contains multiple SLF4J bindings.  SLF4J: Found binding in [jar:file:/kafka/libs/slf4j-log4j12-1.7.26.jar!/org/slf4j/impl/StaticLoggerBinder.class]  SLF4J: Found binding in [jar:file:/kafka/libs/slf4j-log4j12-1.7.30.jar!/org/slf4j/impl/StaticLoggerBinder.class]  SLF4J: See [http://www.slf4j.org/codes.html#multiple_bindings] for an explanation.  SLF4J: Actual binding is of type [org.slf4j.impl.Log4jLoggerFactory]  Exception in thread ""main"" joptsimple.UnrecognizedOptionException: delete-offsets is not a recognized option          at joptsimple.OptionException.unrecognizedOption(OptionException.java:108)          at joptsimple.OptionP",The requested offset-deletion operation is unsupported in Kafka 2.3.1.,version 2.3.1 does not suport it
KAFKA-13104,"Controller should notify the RaftClient when it resigns. {code:java}       private Throwable handleEventException(String name,                                              Optional<Long> startProcessingTimeNs,                                              Throwable exception) {           ...           renounce();           return new UnknownServerException(exception);       }  {code} When the active controller encounters an event exception it attempts to renounce leadership. Unfortunately, this doesn't tell the {{RaftClient}} that it should attempt to give up leadership. This will result in inconsistent state with the {{RaftClient}} as leader but with the controller as inactive.  We should change this implementation so that the active controller asks the {{RaftClient}} to resign. The active controller waits until {{handleLeaderChange}} before cal",Controller event exception handling resigns the controller without notifying the RaftClient of the resignation.,Fixed
KAFKA-13100,"Controller cannot revert to an in-memory snapshot. {code:java}   [2021-07-16 16:34:55,578] DEBUG [Controller 3002] Executing handleRenounce[3]. (org.apache.kafka.controller.QuorumController)   [2021-07-16 16:34:55,578] WARN [Controller 3002] Renouncing the leadership at oldEpoch 3 due to a metadata log event. Reverting to last committed offset 214. (org.apache.kafka.controller.QuorumController)   [2021-07-16 16:34:55,579] WARN [Controller 3002] org.apache.kafka.controller.QuorumController@646b1289: failed with unknown server exception RuntimeException at epoch -1 in 1510 us.  Reverting to last committed offset 214. (org.apache.kafka.controller.  QuorumController)   java.lang.RuntimeException: No snapshot for epoch 214. Snapshot epochs are: -1, 1, 3, 5, 11, 16, 21, 26, 31, 36, 41, 46, 51, 56, 61, 94, 96, 97, 107, 108, 112, 125, 126, 128, 13",Controller snapshot recovery does not correctly restore/revert the in-memory snapshot state after controller resignation.,"Fixed. Thanks, [~jagsancio]! | Here is an example that triggers this error:  1. Controller 3002 starts as inactive and replays a batch with a last offset of 214 {code:java} [2021-07-16 16:34:46,950] DEBUG [RaftManager nodeId=3002] "
KAFKA-13098,No such file exception when recovering snapshots in metadata log dir. {code:java} RaftClusterTest > testCreateClusterAndCreateListDeleteTopic() FAILED     java.io.UncheckedIOException: java.nio.file.NoSuchFileException: /tmp/kafka-286994548094074875/broker_0_data0/@metadata-0/partition.metadata.tmp         at java.nio.file.FileTreeIterator.fetchNextIfNeeded(FileTreeIterator.java:88)         at java.nio.file.FileTreeIterator.hasNext(FileTreeIterator.java:104)         at java.util.Iterator.forEachRemaining(Iterator.java:115)         at java.util.Spliterators$IteratorSpliterator.forEachRemaining(Spliterators.java:1801)         at java.util.stream.AbstractPipeline.copyInto(AbstractPipeline.java:482)                                                at java.util.stream.AbstractPipeline.wrapAndCopyInto(AbstractPipeline.java:472)         at java.util.stream.ForEachOps,"Snapshot recovery can reference a metadata-log temporary file that has already been removed, producing NoSuchFileException.",Fixed
KAFKA-13096,"QueryableStoreProvider is not updated when threads are added/removed/replaced rendering IQ impossible. The QueryableStoreProviders class is used to route queries to the correct state store on the owning StreamThread, making it a critical piece of IQ. It gets instantiated when you create a new KafkaStreams, and is passed in a list of StreamThreadStateStoreProviders which it then copies and stores. Because it only stores a copy it only ever contains a provider for the StreamThreads that were created during the app's startup, and unfortunately is never updated during an add/remove/replace thread event.   This means that IQ can’t get a handle on any stores that belong to a thread that wasn’t in the original set. If the app is starting up new threads through the #addStreamThread API or following a REPLACE_THREAD event, none of the data in any of the stores owned by that new thread will be access","it only stores a copy it only ever contains a provider for the StreamThreads that were created during the app's startup, and unfortunately is never updated during an add/remove/replace thread event.",Fixed
KAFKA-13092,"Perf regression in LISR requests. With the addition of partition metadata files, we have an extra operation to do when handling LISR requests. This really slows down the processing, so we should flush asynchronously to fix this regression.","LISR handling synchronously flushes partition metadata files, adding disk I/O to the request path and causing a performance regression.",merged the PR to 3.0 and trunk.
KAFKA-13080,"Fetch snapshot request are not directed to kraft in controller. Kraft followers and observer are seeing the following error {code:java} [2021-07-13 18:15:47,289] ERROR [RaftManager nodeId=2] Unexpected error UNKNOWN_SERVER_ERROR in FETCH_SNAPSHOT response: InboundResponse(correlationId=29862, data=FetchSnapshotResponseData(throttleTimeMs=0, errorCode=-1, topics=[]), sourceId=3001) (org.apache.kafka.raft.KafkaRaftClient) {code} This is because ControllerApis is not directing FetchSnapshost request to the raft manager.",ControllerApis is not directing FetchSnapshost request to the raft manager.,Fixed
KAFKA-13078,"Closing FileRawSnapshotWriter too early. We are getting the following error {code:java}   [2021-07-13 17:23:42,174] ERROR [kafka-raft-io-thread]: Error due to (kafka.raft.KafkaRaftManager$RaftIoThread)   java.io.UncheckedIOException: Error calculating snapshot size. temp path = /mnt/kafka/kafka-metadata-logs/@metadata-0/00000000000000000062-0000000002-3249768281228588378.checkpoint.part, snapshotId = OffsetAndEpoch(offset=62, epoch=2).       at org.apache.kafka.snapshot.FileRawSnapshotWriter.sizeInBytes(FileRawSnapshotWriter.java:63)       at org.apache.kafka.raft.KafkaRaftClient.maybeSendFetchOrFetchSnapshot(KafkaRaftClient.java:2044)       at org.apache.kafka.raft.KafkaRaftClient.pollFollowerAsObserver(KafkaRaftClient.java:2032)       at org.apache.kafka.raft.KafkaRaftClient.pollFollower(KafkaRaftClient.java:1995)       at org.","FileRawSnapshotWriter can be closed before the Raft client finishes calculating the snapshot size, causing snapshot I/O to fail.",Fixed
KAFKA-13073,"Simulation test fails due to inconsistency in MockLog's implementation. We are getting the following error on trunk {code:java} RaftEventSimulationTest > canRecoverAfterAllNodesKilled STANDARD_OUT     timestamp = 2021-07-12T16:26:55.663, RaftEventSimulationTest:canRecoverAfterAllNodesKilled =       java.lang.RuntimeException:         Uncaught exception during poll of node 1                                  |-------------------jqwik-------------------     tries = 25                    | # of calls to property     checks = 25                   | # of not rejected calls     generation = RANDOMIZED       | parameters are randomly generated     after-failure = PREVIOUS_SEED | use the previous seed     when-fixed-seed = ALLOW       | fixing the random seed is allowed     edge-cases#mode = MIXIN       | edge cases are mixed in     edge-cases#total = 108        | # of",inconsistency in MockLog's implementation.,Fixed
KAFKA-13058,"`AlterConsumerGroupOffsetsHandler` does not handle partition errors correctly.. While reviewing https://github.com/apache/kafka/pull/10973, we have noticed that `AlterConsumerGroupOffsetsHandler` does not handle the partition errors correctly. The issue is that any partition error fails the entire future returned in the results instead of failing only the future of the corresponding partition. This is a regression that was introduced by KIP-699.",that any partition error fails the entire future returned in the results instead of failing only the future of the corresponding partition.,Fixed
KAFKA-13057,Many broker RPCs are not enable in KRaft mode. Many RPCs have not yet been enabled in KRaft mode. We should enable the ones that are intended to be supported for the 3.0 release.,Many broker RPCs are not enable in KRaft mode.,Fixed
KAFKA-13056,Broker should not generate snapshots when controller is co-resident. We added broker snapshot support in https://github.com/apache/kafka/pull/10990. We should have logic to disable the broker snapshot when the controller is running on the same host since there is no need to have them both doing it.,Broker should not generate snapshots when controller is co-resident.,Fixed
KAFKA-13053,"Bump frame version for KRaft records. We have at least one compatibility break to the record format of KRaft records (we added a version field to the LeaderChange schema). Since there was never an expectation of compatibility between 2.8 and 3.0, we want to make this explicit by bumping the frame version. At the same time, we will reset the record versions back to 0.","Since there was never an expectation of compatibility between 2.8 and 3.0, we want to make this explicit by bumping the frame version.",Fixed
KAFKA-13049,Log recovery threads use default thread pool naming. The threads used for log recovery use a pool {{Executors.newFixedThreadPool(int)}} and hence pick up the naming scheme from {{Executors.defaultThreadFactory()}}. It's not so clear in a thread dump taken during log recovery what those threads are. They should have clearer names. ,Log recovery threads use default thread pool naming.,Fixed
KAFKA-13042,Flaky test KafkaMetadataLogTest.testDeleteSnapshots(). This test fails many times but succeeds locally.,The failure is attributed to a Scala 2.12 issue rather than Kafka production logic.,[~meher_crok] This is a bug of Scala 2.12 and fixed here: https://github.com/apache/kafka/pull/10997 | [~dengziming] so this the error you get ?  Error while writing to partition metadata file \AppData\Local\Temp\kafka-6754745891137104415@metadata-0\partition.metadataError while writing to partition me
KAFKA-13037,"""Thread state is already PENDING_SHUTDOWN"" log spam. KAFKA-12462 introduced a [change|https://github.com/apache/kafka/commit/4fe4cdc4a61cbac8e070a8b5514403235194015b#diff-76f629d0df8bd30b2593cbcf4a2dc80de3167ebf55ef8b5558e6e6285a057496R722] that increased this ""Thread state is already {}"" logger to info instead of debug. We are running into a problem with our streams apps when they hit an unrecoverable exception that shuts down the streams thread, we get this log printed about 50,000 times per second per thread. I am guessing it is once per record we have queued up when the exception happens? We have temporarily raised the StreamThread logger to WARN instead of INFO to avoid the spam, but we do miss the other good logs we get on INFO in that class. Could this log be reverted back to debug? Thank you! ",A shutdown race causes repeated processing/logging of an event after the thread has already entered PENDING_SHUTDOWN.,"Awesome! Thank you, Sophie. | Thanks for the fix – btw, I added you as a contributor so you should be able to self-assign tickets from now on.  | Hey [~gray.john], would you be interested in submitting a PR for this? I completely agree that logging this at INFO on every iteration is wildly inappropriate, I just didn't push it at the time since "
KAFKA-13033,"coordinator not available error should cause add into unmap list to do a new lookup. In KIP-699, we add some handler to handle different types of operation. In the `handleError`, we didn't make the `COORDINATOR_NOT_AVAILABLE` as unmapped, to do a re-lookup. In [DescribeTransactionsHandler|https://github.com/apache/kafka/blob/trunk/clients/src/main/java/org/apache/kafka/clients/admin/internals/DescribeTransactionsHandler.java#L172-L186], there's already explained by [~hachikuji] why `COORDINATOR_NOT_AVAILABLE` and `NOT_COORDINATOR` should be listed in unmapped, and `COORDINATOR_LOAD_IN_PROGRESS` should not.    {code:java} case COORDINATOR_LOAD_IN_PROGRESS:     // If the coordinator is in the middle of loading, then we just need to retry     log.debug(""DescribeTransactions request for transactionalId `{}` failed because the "" +             ""coordinator is still in the proces","the "" + ""coordinator is still in the proces.",Fixed
KAFKA-13029,"FindCoordinators batching can break consumers during rolling upgrade. The changes made under KIP-699 assume that it is always safe to use unbatched mode since we move from batched to unbatched and cache the value forever in clients if a broker doesn't support batching. During rolling upgrade, if a request is sent to an older broker, we move from batched to unbatched mode. The consumer (admin client as well I think) disables batching and future requests to upgraded brokers will fail because we attempt to use unbatched requests with a newer version of the request.",we attempt to use unbatched requests with a newer version of the request.,"[~mimaison] [~dajac]  Consumer and transaction coordinator always have single group, so the batch flag in those with failover are unnecessary. As David mentioned, we just need to set the appropriate d | For the consumer, I think a simpler version would be to have all the logic in the builder. As the request is always for one group, we could simply build the correct request data based on the version p | Right, I missed that!  For the Consumer/Producer, I guess we could reset the batch flag in AbstractCoordinator each time the coordinator changes.   For AdminClient, we create a new CoordinatorStrategy"
KAFKA-13018,"test_multi_version failures. This system test fails with the error   {{Exception in thread ""main"" joptsimple.UnrecognizedOptionException: zookeeper is not a recognized option}}  {{joptsimple.OptionException.unrecognizedOption(OptionException.java:108)}}  {{joptsimple.OptionParser.handleLongOptionToken(OptionParser.java:510)}}  {{joptsimple.OptionParserState$2.handleArgument(OptionParserState.java:56)}}  {{ joptsimple.OptionParser.parse(OptionParser.java:396)}}  {{kafka.admin.TopicCommand$TopicCommandOptions.<init>(TopicCommand.scala:516)}}  {{kafka.admin.TopicCommand$.main(TopicCommand.scala:47)}}  {{ kafka.admin.TopicCommand.main(TopicCommand.scala)}}     Seems like when we try to run with both 0.8.2.X version and dev version, we have this issue, since {{test_0_8_2 }}which uses only 0.8.2.X passes. Likely this has to",The multi-version test still passes the removed ZooKeeper CLI option `--zookeeper` to the newer command implementation.,Fixed by [#10918|https://github.com/apache/kafka/pull/10918]
KAFKA-13017,"Excessive logging on sink task deserialization errors. Even with {{errors.log.enable}} set to {{false}}, deserialization failures are still logged at {{ERROR}} level by the {{org.apache.kafka.connect.runtime.WorkerSinkTask}} namespace. This becomes problematic in pipelines with {{errors.tolerance}} set to {{all}}, and can generate excessive logging of stack traces when deserialization errors are encountered for most if not all of the records being consumed by a sink task.  The logging added to the {{WorkerSinkTask}} class in KAFKA-9018 should be removed and, if necessary, any valuable information from it not already present in the log messages generated by Connect with {{errors.log.enable}} and {{errors.log.include.messages}} set to {{true}} should be added in that place instead.",Sink deserialization failures are logged at ERROR even when `errors.log.enable=false`.,Fixed
KAFKA-13010,Flaky test org.apache.kafka.streams.integration.TaskMetadataIntegrationTest.shouldReportCorrectCommittedOffsetInformation(). Integration test {{test org.apache.kafka.streams.integration.TaskMetadataIntegrationTest.shouldReportCorrectCommittedOffsetInformation()}} sometimes fails with  {code:java} java.lang.AssertionError: only one task 	at org.hamcrest.MatcherAssert.assertThat(MatcherAssert.java:26) 	at org.apache.kafka.streams.integration.TaskMetadataIntegrationTest.getTaskMetadata(TaskMetadataIntegrationTest.java:162) 	at org.apache.kafka.streams.integration.TaskMetadataIntegrationTest.shouldReportCorrectCommittedOffsetInformation(TaskMetadataIntegrationTest.java:117) {code},The failure occurs during cooperative rebalancing and is resolved by retrying the affected operation.,"It looks like the issue only shows up between cooperative rebalances and just retrying will fix it. I will make a PR with a fix shortly | I ran it for the commit before KIP-744 and it did fail. I am going to do a binary search from when the test was introduced to see where it started failing.     EDIT: It looks like it always would fail | I only mentioned because it seems to be the only other change in that PR that is not just moving implementations around.  If you run the test before the KIP-744 changes were introduced, does it also f"
KAFKA-13008,"Stream will stop processing data for a long time while waiting for the partition lag. In KIP-695, we improved the task idling mechanism by checking partition lag. It's a good improvement for timestamp sync. But I found it will cause the stream stop processing the data for a long time while waiting for the partition metadata.     I've been investigating this case for a while, and figuring out the issue will happen in below situation (or similar situation):  # start 2 streams (each with 1 thread) to consume from a topicA (with 3 partitions: A-0, A-1, A-2)  # After 2 streams started, the partitions assignment are: (I skipped some other processing related partitions for simplicity)  stream1-thread1: A-0, A-1   stream2-thread1: A-2  # start processing some data, assume now, the position and high watermark is:  A-0: offset: 2, highWM: 2  A-1: offset: 2, highWM: 2  A-2: offset: 2,","The task-idling logic waits for partition lag to catch up, so a lagging partition can stall stream processing for an extended period.","Thanks Guozhang, +1 on that approach (though I'll let Colin confirm whether #1 does make sense or not). We'll definitely need a Streams/client side fix if the 'real' fix is going to be on the broker s | Thanks for the great find [~showuon]!  I took a look at the server-side code, and I think we can consider two things:  1) slightly augment the session handling logic so that within a session, if a par | {quote}Re-reading KIP-227, it seems like there should be a way for the client to add re-acquired partitions like this to the incremental fetch request so that it can reinitialize its metadata cache. I"
KAFKA-13007,"KafkaAdminClient getListOffsetsCalls builds cluster snapshot for every topic partition. From [KafkaAdminClient#getListOffsetsCalls|https://github.com/apache/kafka/blob/trunk/clients/src/main/java/org/apache/kafka/clients/admin/KafkaAdminClient.java#L4215]  ```  for (Map.Entry<TopicPartition, OffsetSpec> entry: topicPartitionOffsets.entrySet()) {  ...  Node node = mr.cluster().leaderFor(tp);  ```  here we build the cluster snapshot for each topic partition. instead, we should reuse a snapshot. this will reduce the time complexity from O( n^2 ) to O( n ).  for manual testing (used AK 2.8), i've passed in a map of 6K topic partitions to listOffsets  without snapshot reuse:  duration of building futures from metadata response: *15582* milliseconds  total duration of listOffsets: *15743* milliseconds  with reuse:  duration of building futures from metadata response: *24* milliseco",`KafkaAdminClient.getListOffsetsCalls` rebuilds the cluster snapshot for every topic partition instead of reusing one snapshot.,Fixed
KAFKA-13003,"KafkaBroker advertises socket port instead of the configured advertised port. In Kraft mode Apache Kafka 2.8.0 does advertise the socket port instead of the configured advertised port.  A broker given with the following configuration {code:java} listeners=PUBLIC://0.0.0.0:19092,REPLICATION://0.0.0.0:9091 advertised.listeners=PUBLIC://envoy-kafka-broker:9091,REPLICATION://kafka-broker1:9091 {code} advertises on the _PUBLIC_ listener _envoy-kafka-broker:19092_, however I would expect that _envoy-kafka-broker:9091_ is advertised. In ZooKeeper mode it works as expected.  In a deployment with a L4 proxy in front of the Kafka cluster, it is important, that the advertised port can be different from the actual socket port.  I tested it with a Docker-Compose setup which runs 3 Kafka Broker in Kraft mode and an Envoy proxy in front of them. With Apache Kafka 2.8.0 it does not",In KRaft mode the broker advertises its socket/listen port instead of the configured `advertised.listeners` port.,Pull Request #10935 has been merged. | I create a pull request: https://github.com/apache/kafka/pull/10935  The Docker-Compose setup with the fix (proposed in the pull request) works and advertises the configured advertised port. For more 
KAFKA-13002,"listOffsets must downgrade immediately for non MAX_TIMESTAMP specs. Note: this is not a report against a released version of AK. It seems to be a problem on the trunk development branch only.  After deploying our soak test against `trunk/HEAD` on Friday, I noticed that Streams is no longer processing:  !soaks.png!  I found this stacktrace in the logs during startup: {code:java} 5075 [2021-06-25T16:50:44-05:00] (streams-soak-trunk-ccloud-alos_soak_i-0691913411e8c77c3_streamslog) [2021-06-25 21:50:44,499] WARN [i-0691913411e8c77c3-StreamThread-1] The listOffsets request failed. (org.apache.kafka.streams.processor.internals.ClientUtils)  5076 [2021-06-25T16:50:44-05:00] (streams-soak-trunk-ccloud-alos_soak_i-0691913411e8c77c3_streamslog) java.util.concurrent.ExecutionException: org.apache.kafka.common.errors.UnsupportedVersionException: The broker does not su","The ListOffsets request is sent at a protocol version unsupported by the broker, triggering `UnsupportedVersionException`.","Awesome, thanks! | The soak cluster still looks good and the benchmarks completed successfully their first run. I guess the fix is fine. | [~cadonna] Sounds good, thanks."
KAFKA-12996,"OffsetOutOfRange not handled correctly for diverging epochs when fetch offset less than leader start offset. {color:#24292e}If fetchOffset < startOffset, we currently throw OffsetOutOfRangeException when attempting to read from the log in the regular case. But for diverging epochs, we return Errors.NONE with the new leader start offset, hwm etc.. ReplicaFetcherThread throws OffsetOutOfRangeException when processing responses with Errors.NONE if the leader's offsets in the response are out of range and this moves the partition to failed state. We should add a check for this case when processing fetch requests and ensure OffsetOutOfRangeException is thrown regardless of epochs.{color}","When the fetch offset is below the leader's start offset during an epoch divergence, the fetch path handles the condition as a normal `OffsetOutOfRange` instead of applying the required divergent-epoch logic.",Fixed
KAFKA-12993,"Formatting of Streams 'Memory Management' docs is messed up . The formatting of this page is all messed up, starting in the RocksDB section. It looks like there's a missing closing tag after the example BoundedMemoryRocksDBConfig class",Formatting of Streams 'Memory Management' docs is messed up.,"ableegoldman merged pull request #361: URL: https://github.com/apache/kafka-site/pull/361         --  This is an automated message from the Apache Git Service. To respond to the message, please log on | izzyacademy commented on pull request #361: URL: https://github.com/apache/kafka-site/pull/361#issuecomment-869027105      > Gotcha, thanks for checking. Can you try setting up a local Apache server t | showuon commented on pull request #361: URL: https://github.com/apache/kafka-site/pull/361#issuecomment-868980516      @ableegoldman , I've updated and confirmed the change can fix the formatting issu"
KAFKA-12991,Fix unsafe access to `AbstractCoordinator.state`. ,"`AbstractCoordinator.state` is accessed without the required synchronization, creating unsafe concurrent state access.",Fixed
KAFKA-12984,"Cooperative sticky assignor can get stuck with invalid SubscriptionState input metadata. Some users have reported seeing their consumer group become stuck in the CompletingRebalance phase when using the cooperative-sticky assignor. Based on the request metadata we were able to deduce that multiple consumers were reporting the same partition(s) in their ""ownedPartitions"" field of the consumer protocol. Since this is an invalid state, the input causes the cooperative-sticky assignor to detect that something is wrong and throw an IllegalStateException. If the consumer application is set up to simply retry, this will cause the group to appear to hang in the rebalance state.  The ""ownedPartitions"" field is encoded based on the ConsumerCoordinator's SubscriptionState, which was assumed to always be up to date. However there may be cases where the consumer has dropped out of the grou",The cooperative assignor trusts `SubscriptionState.ownedPartitions` even when that metadata is stale or inconsistent.,"[~mjsax] Technically yes, the issue with the SubscriptionState potentially providing invalid ""ownedPartitions"" input can affect Kafka Streams as well. However the impact for Streams is be considerably | [~ableegoldman] – is KS affected by this issue? Even if we use our own assignor, it seems that the issue with regard to ""subscription state"" could also affect KS? | Good root cause analysis! And I agree the solution (a) that the sticky assignment algorithm should resolve cases of improper input conditions by invalidating the ""ownedPartitions"" in cases of double o"
KAFKA-12983,"onJoinPrepare is not always invoked before joining the group. As the title suggests, the #onJoinPrepare callback is not always invoked before a member (re)joins the group, but only once when it first enters the rebalance. This means that any updates or events that occur during the join phase can be lost in the internal state: for example, clearing the SubscriptionState (and thus the ""ownedPartitions"" that are used for cooperative rebalancing) after losing its memberId during a rebalance.  We should reset the `needsJoinPrepare` flag inside the resetStateAndRejoin() method","The group-join flow does not invoke `onJoinPrepare` on every rejoin, only on the initial transition into rebalance.",Fixed
KAFKA-12964,"Corrupt segment recovery can delete new producer state snapshots. During log recovery, we may schedule asynchronous deletion in deleteSegmentFiles.  [https://github.com/apache/kafka/blob/fc5245d8c37a6c9d585c5792940a8f9501bedbe1/core/src/main/scala/kafka/log/Log.scala#L2382]  If we're truncating the log, this may result in deletions for segments with matching base offsets to segments which will be written in the future. To avoid asynchronously deleting future segments, we rename the segment and index files, but we do not do this for producer state snapshot files.   This leaves us vulnerable to a race condition where we could end up deleting snapshot files for segments written after log recovery when async deletion runs.     To fix this, we should first remove the `SnapshotFile` from the `ProducerStateManager` and rename the file to have a `Log.DeletedFile","Producer-state snapshot files are not renamed/fenced along with segment and index files before asynchronous deletion, so recovery can delete a newly created snapshot.",merged the PR to trunk
KAFKA-12951,"Infinite loop while restoring a GlobalKTable. We encountered an issue a few time in some of our Kafka Streams application.  After an unexpected restart of our applications, some instances have not been able to resume operating.  They got stuck while trying to restore the state store of a GlobalKTable. The only way to resume operating was to manually delete their `state.dir`.  We observed the following timeline:  * After the restart of the Kafka Streams application, it tries to restore its GlobalKTable  * It seeks to the last checkpoint available on the {{{{state.dir}}}}: 382 ([https://github.com/apache/kafka/blob/2.7.0/streams/src/main/java/org/apache/kafka/streams/processor/internals/GlobalStateManagerImpl.java#L259])  * The watermark ({{endOffset}} results) returned the offset 383  {code:java} handling ListOffsetResponse response fo",GlobalKTable restoration can repeatedly retry the same corrupted/replayed state and never exit the restoration loop.,Fixed
KAFKA-12949,"TestRaftServer's scala.MatchError: null on test-kraft-server-start.sh. Encounter the following exception when trying to run the TestRaftServer: {code:java} bin/test-kraft-server-start.sh --config config/kraft.properties{code} {code:java} [2021-06-14 17:15:43,232] ERROR [raft-workload-generator]: Error due to (kafka.tools.TestRaftServer$RaftWorkloadGenerator)  scala.MatchError: null  at kafka.tools.TestRaftServer$RaftWorkloadGenerator.doWork(TestRaftServer.scala:220)  at kafka.utils.ShutdownableThread.run(ShutdownableThread.scala:96)  [2021-06-14 17:15:43,253] INFO [raft-workload-generator]: Stopped (kafka.tools.TestRaftServer$RaftWorkloadGenerator){code} That happens on the followin match: {code:java} eventQueue.poll(eventTimeoutMs, TimeUnit.MILLISECONDS) match {   case HandleClaim(epoch) =>       claimedEpoch = Some(epoch)       throttler.reset()       pendi",Not explicitly documented.,Fixed
KAFKA-12948,"NetworkClient.close(node) with node in connecting state makes NetworkClient unusable. `NetworkClient.close(node)` closes the node and removes it from `ClusterConnectionStates.nodeState`, but not from `ClusterConnectionStates.connectingNodes`. Subsequent `NetworkClient.poll()` invocations throw IllegalStateException and this leaves the NetworkClient in an unusable state until the node is removed from connectionNodes or added to nodeState. We don't use `NetworkClient.close(node)` in clients, but we use it in clients started by brokers for replica fetcher and controller. Since brokers use NetworkClientUtils.isReady() before establishing connections and this invokes poll(), the NetworkClient never recovers.  Exception stack trace: {code:java}     java.lang.IllegalStateException: No entry found for connection 0         at org.apache.kafka.clients.ClusterConnectionStates.nodeStat",`NetworkClient.close(node)` removes the connection state but leaves stale connection state behind; subsequent `isReady()`/`poll()` processing can leave the client permanently unusable.,"Yes, it was due to the changes from [https://cwiki.apache.org/confluence/display/KAFKA/KIP-601%3A+Configurable+socket+connection+timeout+in+NetworkClient] , which went into 2.7. | Good catch. So, this regressed in 2.7.0?"
KAFKA-12945,"Remove port, host.name and related configs in 3.0. They have been deprecated since 0.10.0.",They have been deprecated since 0.10.0.,https://github.com/apache/kafka/pull/10872
KAFKA-12926,"ConsumerGroupCommand's java.lang.NullPointerException at negative offsets while running kafka-consumer-groups.sh. Hi everybody, hope everyone is doing great.  *i) Introduction:* I noticed the following exception (on a cluster with brokers running 2.3.1) when trying to describe a consumer group (using the Kafka 2.7.1):    {code:java} ./kafka-consumer-groups.sh --describe --group order-validations{code} {code:java} Error: Executing consumer group command failed due to null java.lang.NullPointerException  at kafka.admin.ConsumerGroupCommand$ConsumerGroupService.$anonfun$collectGroupsOffsets$6(ConsumerGroupCommand.scala:579)  at scala.collection.StrictOptimizedIterableOps.map(StrictOptimizedIterableOps.scala:99)  at scala.collection.StrictOptimizedIterableOps.map$(StrictOptimizedIterableOps.scala:86)  at scala.collection.convert.JavaCollectionWrappers$JSetWrapper.map(JavaCollectionWrappers.scala:180)  at ",Not explicitly documented.,Fixed
KAFKA-12925,"prefixScan missing from intermediate interfaces. [KIP-614|https://cwiki.apache.org/confluence/display/KAFKA/KIP-614%3A+Add+Prefix+Scan+support+for+State+Stores] and [KAFKA-10648|https://issues.apache.org/jira/browse/KAFKA-10648] introduced support for {{prefixScan}} to StateStores.  It seems that many of the intermediate {{StateStore}} interfaces are missing a definition for {{prefixScan}}, and as such is not accessible in all cases.  For example, when accessing the state stores through a the processor context, the {{KeyValueStoreReadWriteDecorator}} and associated interfaces do not define {{prefixScan}} and it falls back to the default implementation in {{KeyValueStore}}, which throws {{UnsupportedOperationException}}.","Intermediate state-store interfaces do not expose `prefixScan`, so calls fall back to the default `KeyValueStore` implementation and throw `UnsupportedOperationException`.","Thanks [~mviamari] .  [~mjsax]/[~ableegoldman]: I have created a PR with the implementations for the remaining classes. Now, only 2 test classes are missing namely GenericInMemoryKeyValueStore and Gen | I can flesh out a larger example if needed, but the basic usage for me was getting a reference to the state store using {{context.getStateStore()}} inside {{Transformer#init}}, and then when attemptin | Thanks [~sagarrao]!  Maybe the easiest way is to remove the default implementation and see where it fails to compile. After all issues are fixed and it compiles again you can add back the default impl"
KAFKA-12914,"StreamSourceNode.toString() throws with StreamsBuilder.stream(Pattern) ctor. Hi,   I came across what looks like a bug. h2. Repro {code:java} import org.apache.kafka.common.serialization.Serdes import org.apache.kafka.streams.KafkaStreams import org.apache.kafka.streams.StreamsBuilder import org.apache.kafka.streams.kstream.Consumed import java.util.* import java.util.regex.Pattern  fun main() {     val builder = StreamsBuilder()     builder.stream(Pattern.compile(""foo""), Consumed.with(Serdes.Long(), Serdes.Long()))     val streams = KafkaStreams(builder.build(), Properties())     streams.start() } {code} {code:bash} SLF4J: Failed toString() invocation on an object of type [java.util.LinkedHashSet] Reported exception: java.lang.NullPointerException 	at java.base/java.util.Collections$UnmodifiableCollection.<init>(Collections.java:1030) 	at java.base/java.util.Colle",`StreamSourceNode.toString()` assumes a concrete topic name and fails when the source is created from a regex `Pattern`.,Thanks for the quick turnaround!
KAFKA-12904,"Connect's validate REST endpoint uses incorrect timeout. The fix for KAFKA-9374 changed how the `ConnectorPluginsResource` and its method to validate connector configurations used the `ConnectorsResource.REQUEST_TIMEOUT_MS` constant (90 seconds). However, in doing so it introduced a bug where the timeout was actually 1000x longer than desired/specified.  In particular, the following line is currently:  {code:java}             return validationCallback.get(ConnectorsResource.REQUEST_TIMEOUT_MS, TimeUnit.SECONDS); {code}  but should be: {code:java}             return validationCallback.get(ConnectorsResource.REQUEST_TIMEOUT_MS, TimeUnit.MILLISECONDS); {code}  Users may run into this whenever validating a connector configuration where the connector implementation takes more than the 90 seconds to actually validate the configuration.  * Without this",The Connect validation REST endpoint uses a request timeout that does not match the intended connector validation timeout.,Merged to `trunk` and backported.
KAFKA-12898,"Owned partitions in the subscription must be sorted. While investigating https://issues.apache.org/jira/browse/KAFKA-12896, I have noticed that the leader was always sending the same subscribed partitions but not always in the order. The group coordinator compares the provided subscription with the store subscription based on their bytes representation. So if the subscribed partitions are not in the same order, the group coordinator would consider that they are different and rebalance the group.","The leader sends the same subscribed partitions in nondeterministic order, violating the ordering expected by cooperative assignment comparison.",Fixed
KAFKA-12897,KRaft Controller cannot create topic with multiple partitions on a single broker cluster. https://github.com/apache/kafka/pull/10494 introduced a bug in the KRaft controller where the controller will loop forever in `StripedReplicaPlacer` trying to identify the racks on which to place partition replicas if there is a single unfenced broker in the cluster and the number of requested partitions in a CREATE_TOPICS request is greater than 1.,`StripedReplicaPlacer` loops while trying to find rack placement when only one unfenced broker exists and multiple partitions are requested.,merged the PR to trunk
KAFKA-12896,"Group rebalance loop caused by repeated group leader JoinGroups. We encountered a strange case of a rebalance loop with the ""cooperative-sticky"" assignor. The logs show the following for several hours:     {{Apr 7, 2021 @ 03:58:36.040	[GroupCoordinator 7]: Stabilized group mygroup generation 19830137 (__consumer_offsets-7)}}  {{Apr 7, 2021 @ 03:58:35.992	[GroupCoordinator 7]: Preparing to rebalance group mygroup in state PreparingRebalance with old generation 19830136 (__consumer_offsets-7) (reason: Updating metadata for member mygroup-1-7ad27e07-3784-4588-97e1-d796a74d4ecc during CompletingRebalance)}}  {{Apr 7, 2021 @ 03:58:35.988	[GroupCoordinator 7]: Stabilized group mygroup generation 19830136 (__consumer_offsets-7)}}  {{Apr 7, 2021 @ 03:58:35.972	[GroupCoordinator 7]: Preparing to rebalance group mygroup in state PreparingRebalance with old genera",Repeated JoinGroup requests from the group leader keep triggering rebalances instead of allowing the cooperative rebalance to converge.,"Yep, that should do it | [~ableegoldman] With you two fixes, I think that we can resolve this one, isn't it? | I believe this is caused by https://issues.apache.org/jira/browse/KAFKA-12984, which in turn is caused by https://issues.apache.org/jira/browse/KAFKA-12983. I'll prepare a fix for both of these issues"
KAFKA-12890,"Consumer group stuck in `CompletingRebalance`. We have seen recently multiple consumer groups stuck in `CompletingRebalance`. It appears that those group never receives the assignment from the leader of the group and remains stuck in this state forever.  When a group transitions to the `CompletingRebalance` state, the group coordinator sets up `DelayedHeartbeat` for each member of the group. It does so to ensure that the member sends a sync request within the session timeout. If it does not, the group coordinator rebalances the group. Note that here, `DelayedHeartbeat` is used here for this purpose. `DelayedHeartbeat` are also completed when member heartbeats.  The issue is that https://github.com/apache/kafka/pull/8834 has changed the heartbeat logic to allow members to heartbeat while the group is in the `CompletingRebalance` state. ","Heartbeat handling was changed to allow heartbeats during `CompletingRebalance`, which lets members remain active while the leader assignment is still incomplete and can prevent the group from progressing.",I will backport the patch to 2.8 branch as well.
KAFKA-12889,"log clean group consider empty log segment to avoid empty log left. to avoid log index 4 byte relative offset overflow, log cleaner group check log segments offset to make sure group offset range not exceed Int.MaxValue.  this offset check currentlly not cosider next is next log segment is empty, so there will left empty log files every about 2^31 messages.  the left empty logs will be reprocessed every clean cycle, which will rewrite it with same empty content, witch cause little no need io.  for __consumer_offsets topic, normally we can set cleanup.policy to compact,delete to get rid of this.  my cluster is 0.10.1.1, but after aylize trunk code, it should has same problem too.     some of my left empty logs,(run ls -l)  -rw-r----- 1 u g 0 Dec 16 2017 00000000000000000000.index -rw-r----- 1 u g 0 Dec 16 2017 00000000000000000000.log -rw-r----- 1 u g 0 Dec","The log cleaner's offset-range check ignores an empty next segment, so empty segments can be left behind and reprocessed on every cleaning cycle.",Nice find! Thanks for the fix! [~iamgd67] | Thanks [~iamgd67] for reporting the issue and for the fix too! | create a pull request on github
KAFKA-12880,Remove deprecated Count and SampledTotal in 3.0. ,Not explicitly documented.,Fixed
KAFKA-12870,"RecordAccumulator stuck in a flushing state. After a Kafka Stream with exactly once enabled has performed its first commit, the RecordAccumulator within the stream's internal producer gets stuck in a state where all subsequent ProducerBatches that get allocated are immediately flushed instead of being held in memory until they expire, regardless of the stream's linger or batch size config.  This is reproduced in the example code found at [https://github.com/niclaslockner/kafka-12870] which can be run with ./gradlew run --args=<bootstrap servers>  The example has a producer that sends 1 record/sec to one topic, and a Kafka stream with EOS enabled that forwards the records from that topic to another topic with the configuration linger = 5 sec, commit interval = 10 sec.     The expected behavior when running the example is that the stre",RecordAccumulator stuck in a flushing state.,"I agree this was a great find. Thanks also for the detailed investigation [~niclaslockner]! | This is a great find. Though it might not related to KAFKA-10888, I think it could help resolving the perf degradation with EOS (since the bug effectively disables any batching). | I think the claim is that there's a bug in the `Sender` when exactly-once is used."
KAFKA-12867,"Trogdor ConsumeBenchWorker quits prematurely with maxMessages config. The trogdor [ConsumeBenchWorker|https://github.com/apache/kafka/commits/fc405d792de12a50956195827eaf57bbf64444c9/trogdor/src/main/java/org/apache/kafka/trogdor/workload/ConsumeBenchWorker.java] has a bug. If one of the consumption tasks completes executing successfully due to [maxMessages being consumed|https://github.com/apache/kafka/blob/fc405d792de12a50956195827eaf57bbf64444c9/trogdor/src/main/java/org/apache/kafka/trogdor/workload/ConsumeBenchWorker.java#L245], then, the consumption task [notifies the doneFuture|https://github.com/apache/kafka/blob/fc405d792de12a50956195827eaf57bbf64444c9/trogdor/src/main/java/org/apache/kafka/trogdor/workload/ConsumeBenchWorker.java#L285] causing the ConsumeBenchWorker to halt. This becomes a problem when more than 1 consumption task is running in par","[maxMessages being consumed| then, the consumption task [notifies the doneFuture| causing the ConsumeBenchWorker to halt.",Fixed
KAFKA-12866,"Kafka requires ZK root access even when using a chroot. When a Zookeeper chroot is configured, users do not expect Kafka to need Zookeeper access outside of that chroot. h1. Why is this important?  A zookeeper cluster may be shared with other Kafka clusters or even other applications. It is an expected security practice to restrict each cluster/application's access to it's own Zookeeper chroot. h1. Steps to reproduce h2. Zookeeper setup  Using the zkCli, create a chroot for Kafka, make it available to Kafka but lock the root znode.    {code:java} [zk: localhost:2181(CONNECTED) 1] create /somechroot Created /some [zk: localhost:2181(CONNECTED) 2] setAcl /somechroot world:anyone:cdrwa [zk: localhost:2181(CONNECTED) 3] addauth digest test:12345 [zk: localhost:2181(CONNECTED) 4] setAcl / digest:test:Mx1uO9GLtm1qaVAQ20Vh9ODgACg=:cdrwa{code}   h2. Ka","When a Zookeeper chroot is configured, users do not expect Kafka to need Zookeeper access outside of that chroot. h1.",Fixed
KAFKA-12865,"Documentation error for Admin Client API in describe ACLs. There is a documentation bug in *Admin.java's* `describeAcls` and its overloaded variation, function's return type shows `*DeleteAclsResult*` instead of `*DescribeAclResult*`. ","There is a documentation bug in *Admin.java's* `describeAcls` and its overloaded variation, function's return type shows `*DeleteAclsResult*` instead of `*DescribeAclResult*`.",Fixed
KAFKA-12856,"Upgrade Jackson to 2.12.3. 2.10.x is no longer supported, so we should move to 2.12 for the 3.0 release.","Upgrade Jackson to 2.12.3. 2.10.x is no longer supported, so we should move to 2.12 for the 3.0 release.",Fixed
KAFKA-12835,Topic IDs can mismatch on brokers (after interbroker protocol version update). We had a Kafka cluster running 2.8 version with interbroker protocol set to 2.7. It had a number of topics and everything was fine. Then we decided to update the interbroker protocol to 2.8 by the following procedure: 1. Run new brokers with the interbroker protocol set to 2.8. 2. Move the data from the old brokers to the new ones (normal partition reassignment API). 3. Decommission the old brokers.  At the stage 2 we had the problem: old brokers started failing on {{LeaderAndIsrRequest}} handling with {code:java} ERROR [Broker id=<...>] Topic Id in memory: <...> does not match the topic Id for partition <...> provided in the request: <...>. (state.change.logger) {code} for multiple topics. Topics were not recreated.  We checked {{partition.metadata}} files and IDs there were indeed differ,At the stage 2 we had the problem: old brokers started failing on `LeaderAndIsrRequest` handling with ERROR [Broker id=<...>] Topic Id in memory: <...> does not match the topic Id for partition <...> provided in the request: <...>. (state.change.logger) for multiple topics.,"Hi [~ivanyu]. Previously we could lose topic IDs in the Znode when reassigning partitions. This could occur if we switched between controllers with IBP 2.8 back to 2.7 (where we reassign partitions) a | bq. I was curious about your upgrade process. Is there a reason you moved from old brokers to new brokers rather than doing a rolling restart of the same brokers?  We try to keep machines immutable, n | I believe I found the cause to this issue and will be working on a fix."
KAFKA-12815,"KTable.transformValue might have incorrect record metadata. In the DSL, Kafka Streams applies an optimization for non-materialized tables: when these are queried an upstream state store is accessed. To ensure that the correct value is returned from the lookup, all intermediate processors after the materialized store, and before the processor that triggers the lookup are re-applied (cf `KTableValueGetter`).  For re-applying DSL operators like filter/mapValues that works fine. However, for transformValue(), the method is executed with the incorrect `RecordContext` (note that DSL operators like filter don't have access to the `RecordContext` and thus, are not subject to this bug). Instead of using the record context from the value that was received from the upstream state store (and that is re-processed), the transformer would see the context from the",KTable.transformValue might have incorrect record metadata.,"Ack, sorry I made a bad assumption about how FKJ are implemented internally. I wasn't the one to review them  Given the limited scope of this bug I would say it feels appropriate to just fix in trunk  | Well, user can still force to materialize the result of `transformValues()` to avoid this issue. Or they can add topic/offset into the value to preserve the information. | Yup, we are definitely fixing forward rather than regressing here as previously people would just get the incorrect result silently. As for the longer term, I kinda also agree that we can wait and see"
KAFKA-12792,Fix metrics bug and introduce TimelineInteger. Introduce a TimelineInteger class which represents a single integer value which can be changed while maintaining snapshot consistency.  Fix a case where a metric value would be corrupted after a snapshot restore.,Introduce a TimelineInteger class which represents a single integer value which can be changed while maintaining snapshot consistency.,Fixed
KAFKA-12785,"Connector hangs in distributed mode without logs. I've faced strage kafka connector attitude using distributed mode trying to transfer data from Teradata using JDBC to partquet using HDFS. It's done very well with standalone mode but not with distributed.  I have really small cluster with 3 nodes (virtual machines).  Here are settings:  *Server 1 server.properties:*    {code:java} # Licensed to the Apache Software Foundation (ASF) under one or more # contributor license agreements.  See the NOTICE file distributed with # this work for additional information regarding copyright ownership. # The ASF licenses this file to You under the Apache License, Version 2.0 # (the ""License""); you may not use this file except in compliance with # the License.  You may obtain a copy of the License at # #    http://www.apache.org/licenses/LICENSE-2.0 # # ",Connector hangs in distributed mode without logs.,"Hey, you're absolutely right, thx. | [~dishka_krauch], hi!   As far as I can see, this issue is resolved and therefore can be closed, right? | [~kkonstantine] everyting is worked fine, thank you for your advice - you saved my day."
KAFKA-12780,"java.lang.IllegalStateException: Tried to lookup lag for unknown task 2_0. Whenever I try doing a stream.join(table, joiner), I get the following error ever second or third time I rerun the application.   Kafka Streams version: 2.8.0  The default stores config is used (simply writing to /tmp directory). Changing state.dir to other location doesn't help.    {code:java}  22:36:35.205 [xxxxxx-94ada1ab-8573-4245-9742-3322e412598b-StreamThread-1] WARN  o.a.k.s.p.i.assignment.ClientState - Task 1_22 had endOffsetSum=3 smaller than offsetSum=13 on member 94ada1ab-8573-4245-9742-3322e412598b. This probably means the task is corrupted, which in turn indicates that it will need to restore from scratch if it gets assigned. The assignor will de-prioritize returning this task to this member in the hopes that some other member may be able to re-use its state.22:36:35.205 [xxxx","Whenever I try doing a stream.join(table, joiner), I get the following error ever second or third time I rerun the application.","In my case it is Micronaut issue: - every KStream in Micronaut has to be registered as bean - Micronaut sometimes reorders beans, hence the error  Tricks like replacing constructor injection with sett | I'll check the topologies tomorrow. For now, I downgraded everything from org.apache.kafka groupId to 2.7.1 and it seems to solve the issue.  | Hey [~iirekm2]  This exception means there's a discrepancy between the tasks that a client is reporting based on its current assignment + local state on disk, and the tasks that the assignor has parse"
KAFKA-12777,"AutoTopicCreationManager does not handle response errors. The request completion callback in AutoTopicCreationManager assumes the response is present.   {code:scala} override def onComplete(response: ClientResponse): Unit = {         debug(s""Auto topic creation completed for ${creatableTopics.keys} with response ${response.responseBody.toString}."")         clearInflightRequests(creatableTopics)       } {code}  We should at least check to see if the response exists before logging it and clearing the in-flight flag.   This was found while debugging a separate issue. Here is a log snippet:  {code} [2021-05-13 11:21:03,890] DEBUG [BrokerToControllerChannelManager broker=1 name=forwarding] Version mismatch when attempting to send EnvelopeRequestData(requestData=java.nio.HeapByteBuffer[pos=0 lim=43 cap=43], requestPrincipal=[0, 0, 5, 85, 115, 101, 114,",AutoTopicCreationManager does not handle response errors.,"Committed #11069, thanks! | I think this is mostly cosmetic since the only time this bug would be seen is if something was misconfigured. E.g., authentication errors and apiVersion errors (like I'm seeing). That said, NPEs are n | Is this really ""minor""?"
KAFKA-12754,TaskMetadata endOffsets does not update when the offsets are read. The high water mark in StreamTask is not updated optimally. Also it would be good to have the metadata offsets have a initial value of -1 instead of an empty map that way the set of TopicPartitions won't change.,The high water mark in StreamTask is not updated optimally.,"Huh, I guess I was wrong. Sorry! | [~wcarlson5] are you sure? I tried to cherrypick this just now and pretty much everything had merge conflicts. It doesn't look like the feature is in 2.8 after all, for example TaskMetadata doesn't ha | [~ableegoldman] I think picking back to 2.8 would be good"
KAFKA-12752,"CVE-2021-28168 upgrade jersey to 2.34 or 3.02. [https://nvd.nist.gov/vuln/detail/CVE-2021-28168]  CVE-2021-28168 affects jersey versions <=2.33, <=3.0.1. Upgrading to 2.34 or 3.02 should resolve the issue.",CVE-2021-28168 upgrade jersey to 2.34 or 3.02.,https://github.com/apache/kafka/pull/10641
KAFKA-12751,"ISRs remain in in-flight state if proposed state is same as actual state. If proposed ISR state in an AlterIsr request is the same as the actual state, Controller returns a successful response without performing any updates. But the broker code that processes the response leaves the ISR state in in-flight state without committing. This prevents further ISR updates until the next leader election.",ISRs remain in in-flight state if proposed state is same as actual state.,Fixed
KAFKA-12749,"Changelog topic config on suppressed KTable lost. When trying to set the changelog configuration on a suppressed KTable, the config is lost if either {{emitEarlyWhenFull}} or {{shutDownWhenFull}} is set after the logging config.  This works -  {code:java} .suppress(Suppressed.untilTimeLimit(Duration.ofMillis(maxIdleIntervalMs), BufferConfig.maxRecords(  maxBufferRecords).emitEarlyWhenFull().withLoggingEnabled(changelogConfig)){code} but not if you set {{emitEarlyWhenFull}} last.  See comments in https://issues.apache.org/jira/browse/KAFKA-8147   ",Changelog topic config on suppressed KTable lost.,"Thanks [~vishranganathan], assigned the ticket to you. I also added you as a contributor so you can self-assign from now on | Hi [~ableegoldman].   I am interested in picking up this issue and get my feet wet in contributing to the Kafka community. I am currently unable to assign the ticket to myself. Would appreciate it if  | Thanks for filing a ticket – we should try to get this fixed up in 3.0 since it's kind of awkward to just silently drop the user's specified configurations, we're lucky that you happened to notice thi"
KAFKA-12747,Flaky Test RocksDBStoreTest.shouldReturnUUIDsWithStringPrefix. Stacktrace java.lang.AssertionError:  Expected: is <1>      but: was <2> 	at org.hamcrest.MatcherAssert.assertThat(MatcherAssert.java:20) 	at org.hamcrest.MatcherAssert.assertThat(MatcherAssert.java:6) 	at org.apache.kafka.streams.state.internals.RocksDBStoreTest.shouldReturnUUIDsWithStringPrefix(RocksDBStoreTest.java:463)  https://ci-builds.apache.org/blue/organizations/jenkins/Kafka%2Fkafka-pr/detail/PR-10597/10/tests/,Not explicitly documented.,There was already another PR | Created PR https://github.com/apache/kafka/pull/10662 | I'd like to try to solve this one.
KAFKA-12730,"A single Kerberos login failure fails all future connections from Java 9 onwards. The refresh thread for Kerberos performs re-login by logging out and then logging in again. If login fails, we retry after a backoff. Every iteration of the loop performs loginContext.logout() and loginContext.login(). If login fails, we end up with two consecutive logouts. This used to work, but from Java 9 onwards, this results in a NullPointerException due to https://bugs.openjdk.java.net/browse/JDK-8173069. We should check if logout is required before attempting logout.",A single Kerberos login failure fails all future connections from Java 9 onwards.,Fixed
KAFKA-12726,"misbehaving Task.stop() can prevent other Tasks from stopping. We've observed a misbehaving Task fail to stop in a timely manner (e.g. stuck in a retry loop). Despite Connect supporting a property task.shutdown.graceful.timeout.ms, this is currently not enforced – tasks can take as long as they want to stop, and the only consequence is an error message.  We've seen a Worker's ""task-count"" metric double following a rebalance, which we think is due to Tasks not getting cleaned up when Task.stop() is stuck.  While the Connector implementation is ultimately to blame here – a Task probably shouldn't loop forever in stop() – we believe the Connect runtime should handle this situation more gracefully.",Tasks not getting cleaned up when Task.stop() is stuck.,"Relevant tests here: https://github.com/apache/kafka/pull/10629 | Closing as duplicate. | Thanks for the detailed analysis [~ChrisEgerton]. I added some tests to BlockingConnectorTests that try to recreate the issue, but the tests all pass against trunk. Checking with me team, turns out we"
KAFKA-12718,"SessionWindows are closed too early. SessionWindows are defined based on a {{gap}} parameter, and also support an additional {{grace-period}} configuration to handle out-of-order data.  To incorporate the session-gap a session window should only be closed at {{window-end + gap}} and to incorporate grace-period, the close time should be pushed out further to {{window-end + gap + grace}}.  However, atm we compute the window close time as {{window-end + grace}} omitting the {{gap}} parameter.  Because default grace-period is 24h most users might not notice this issues. Even if they set a grace period explicitly (eg, when using suppress()), they would most likely set a grace-period larger than gap-time not hitting the issue (or maybe only realize it when inspecting the behavior closely).  However, if a user wants to disable the g",default grace-period is 24h most users might not notice this issues.,"For flaky tests that fail more recently, we create Jira tickets. But in general, you don't need to worry about it and the reviewer will guide you. – As long as it's not a compile or checkstyle error,  | I see. But yes that was what I meant. Thanks for looking at the issue and explaining what you're concerned about as it relates to builds. I'd heard about flake tests from the contribution instructions | Not sure what you mean. Just looked at your PR (and left a few nit comments), and it seems there are no conflict and that Jenkins passed? (One build failed with a know flaky test, so we can ignore it)"
KAFKA-12702,"Unhandled exception caught in InterBrokerSendThread. In kraft mode, if listeners and advertised.listeners are not configured with host addresses, the host parameter value of Listener in BrokerRegistrationRequestData will be null. When the broker is started, a null pointer exception will be thrown, causing startup failure.  A feasible solution is to replace the empty host of endPoint in advertisedListeners with InetAddress.getLocalHost.getCanonicalHostName in Broker Server when building networkListeners.  The following is the debug log:  before fixing:  [2021-04-21 14:15:20,032] DEBUG (broker-2-to-controller-send-thread org.apache.kafka.clients.NetworkClient 522) [broker-2-to-controller] Sending BROKER_REGISTRATION request with header RequestHeader(apiKey=BROKER_REGIS TRATION, apiVersion=0, clientId=2, correlationId=6) and timeout 30000 to no","We need to fix this problem, because according to the comments in the configuration file (config/kraft/server.properties), if listeners and advertised.listeners are not configured with an address, the.","We need to fix this problem, because according to the comments in the configuration file (config/kraft/server.properties), if listeners and advertised.listeners are not configured with an address, the"
KAFKA-12700,"The admin.listeners config has wonky valid values in the docs. Noticed this while updating the docs for the 2.6.2 release, the docs for these configs are generated from the config definition, including info such as default, type, valid values, etc.   When defining WorkerConfig.ADMIN_LISTENERS_CONFIG we seem to pass an actual `new AdminListenersValidator()` object in for the ""valid values"" parameter, causing this field to display some wonky useless object reference in the docs. See https://kafka.apache.org/documentation/#connectconfigs_admin.listeners:  Valid Values:	org.apache.kafka.connect.runtime.WorkerConfig$AdminListenersValidator@383534aa",The admin.listeners config has wonky valid values in the docs.,Nice catch!!
KAFKA-12691,TaskMetadata timeSinceIdlingStarted not reporting correctly. TaskMetadata timeSinceIdlingStarted not reporting correctly. It takes into account suspended but not the call to is processable. To fix this we need to record when the first time it is not processable. ,TaskMetadata timeSinceIdlingStarted not reporting correctly.,Fixed
KAFKA-12686,"Race condition in AlterIsr response handling. In Partition.scala, there is a race condition between the handling of an AlterIsrResponse and a LeaderAndIsrRequest. This is a pretty rare scenario and would involve the AlterIsrResponse being delayed for some time, but it is possible. This was observed in a test environment when lots of ISR and leadership changes were happening due to broker restarts.  When the leader handles the LeaderAndIsr, it calls Partition#makeLeader which overrides the {{isrState}} variable and clears the pending ISR items via {{AlterIsrManager#clearPending(TopicPartition)}}.   The bug is that AlterIsrManager does not check its inflight state before clearing pending items. The way AlterIsrManager is designed, it retains inflight items in the pending items collection until the response is processed (to allow for ret",that AlterIsrManager does not check its inflight state before clearing pending items.,Fixed
KAFKA-12684,"The valid partition list is incorrectly replaced by the successfully elected partition list. When using the kafka-election-tool for preferred replica election, if there are partitions in the elected list that are in the preferred replica, the list of partitions already in the preferred replica will be replaced by the successfully elected partition list.   ",The valid partition list is incorrectly replaced by the successfully elected partition list.,Fixed
KAFKA-12677,"The raftCluster always send to the wrong active controller and never update. We introduce KIP-500 to introduce a Self-Managed Metadata Quorum. We should always have 1 active controller, and all the RPC will send to the active controller. But there's chances that the active controller already changed, but the RPC still send to the old one.  In the attachment log, we can see: {code:java} [Controller 3002] Becoming active at controller epoch 1.  ... [Controller 3000] Becoming active at controller epoch 2.  {code} So, the latest active controller should be 3000. But the create topic RPC are all sending to controller 3002: {code:java} ""errorMessage"":""The active controller appears to be node 3000"" {code} This bug causes the RaftClusterTests flaky.     Debug log while running testCreateClusterAndCreateListDeleteTopic test: https://drive.google.com/file/d/1WVUgy1Erjx8mHyof",The raftCluster always send to the wrong active controller and never update.,"Go for it [~showuon] | [~cmccabe], I've found the root cause of this issue, and have a fix to it. Do you mind if I take over this ticket? Thank you. | [~showuon]: thanks for looking at this.  This test failure has been frustrating everyone for a while.  It's great that you reproduced it with DEBUG logging.  bq. The raftCluster always send to the wro"
KAFKA-12672,Running test-kraft-server-start results in error. Running the {{test-kraft-server-start}} script in the {{raft}} module results in this error    {code:java} ERROR Exiting raft server due to fatal exception (kafka.tools.TestRaftServer$) java.lang.IllegalArgumentException: No enum constant org.apache.kafka.common.security.auth.SecurityProtocol. 	at java.lang.Enum.valueOf(Enum.java:238) 	at org.apache.kafka.common.security.auth.SecurityProtocol.valueOf(SecurityProtocol.java:26) 	at org.apache.kafka.common.security.auth.SecurityProtocol.forName(SecurityProtocol.java:72) 	at kafka.raft.KafkaRaftManager.$anonfun$buildNetworkClient$1(RaftManager.scala:256) 	at scala.collection.immutable.Map$Map4.getOrElse(Map.scala:530) 	at kafka.raft.KafkaRaftManager.buildNetworkClient(RaftManager.scala:256) 	at kafka.raft.KafkaRaftManager.buildNetworkChannel(R,Running test-kraft-server-start results in error.,Fixed
KAFKA-12667,"Incorrect error log on StateDirectory close. {{In StateDirectory.close() an error is logged about unclean shutdown if all locks are in fact released, and nothing is logged in case of an unclean shutdown.}}    {code:java} // all threads should be stopped and cleaned up by now, so none should remain holding a lock if (locks.isEmpty()) {  log.error(""Some task directories still locked while closing state, this indicates unclean shutdown: {}"", locks); }  {code}  ",Not explicitly documented.,"Thanks [~antrenta]. As Bruno mentioned, we did discover this bug and fixed it in trunk, but unfortunately missed the 2.6.2, 2.7.1, and 2.8.0 releases which have all been in the release process.  I'm h | [~antrenta] Thank you for the ticket! This seems indeed a bug to me. It is too late to submit a bug fix for the two upcoming releases 2.7.1 and 2.6.2. However, I marked this ticket as important for th"
KAFKA-12661,"ConfigEntry#equal does not compare other fields when value is NOT null . {code:java}         return this.name.equals(that.name) &&                 this.value != null ? this.value.equals(that.value) : that.value == null &&                 this.isSensitive == that.isSensitive &&                 this.isReadOnly == that.isReadOnly &&                 this.source == that.source &&                 Objects.equals(this.synonyms, that.synonyms); {code}  the second value of ternary operator is ""that.value == null &&                 this.isSensitive == that.isSensitive &&                 this.isReadOnly == that.isReadOnly &&                 this.source == that.source &&                 Objects.equals(this.synonyms, that.synonyms);"" rather than ""that.value == null"". Hence, it does not compare other fields when value is not null.","Hence, it does not compare other fields when value is not null.",Fixed
KAFKA-12660,"Do not update offset commit sensor after append failure. In the append callback after writing an offset to the log in `GroupMetadataManager`, It seems wrong to update the offset commit sensor prior to checking for errors: https://github.com/apache/kafka/blob/trunk/core/src/main/scala/kafka/coordinator/group/GroupMetadataManager.scala#L394. ",Do not update offset commit sensor after append failure.,"[~kirktrue] Thank you for your attention, but I have already opened a PR for this issue: [https://github.com/apache/kafka/pull/10560,] are you interested in reviewing it? | [~dengziming] - can I take a look at this? I have some spare cycles to investigate and hopefully fix."
KAFKA-12658,"bin/kafka-metadata-shell.sh cannot find or load main class org.apache.kafka.shell.MetadataShell. With the latest release candidate for 2.8.0, the binaries from the Scala 2.13 and 2.12 tarballs are not finding the class for the meta data shell from the classpath  [https://home.apache.org/~vvcephei/kafka-2.8.0-rc1/]   kafka-run-class.sh is not able to load it.   cd ../kafka_2.12-2.8.0$    bin/kafka-metadata-shell.sh --help Error: Could not find or load main class org.apache.kafka.shell.MetadataShell Caused by: java.lang.ClassNotFoundException: org.apache.kafka.shell.MetadataShell  cd ../kafka_2.13-2.8.0/   bin/kafka-metadata-shell.sh --help Error: Could not find or load main class org.apache.kafka.shell.MetadataShell Caused by: java.lang.ClassNotFoundException: org.apache.kafka.shell.MetadataShell !https://ssl.gstatic.com/ui/v1/icons/mail/images/cleardot.gif!  ",bin/kafka-metadata-shell.sh cannot find or load main class org.apache.kafka.shell.MetadataShell.,Fixed
KAFKA-12655,CVE-2021-28165 - Upgrade jetty to 9.4.39. *CVE-2021-28165* vulnerability affects Jetty versions up to *9.4.38*. For more information see [https://cve.mitre.org/cgi-bin/cvename.cgi?name=CVE-2021-28165]   Upgrading to Jetty version *9.4.39* should address this issue ([https://github.com/eclipse/jetty.project/releases/tag/jetty-9.4.39.v20210325)|https://github.com/eclipse/jetty.project/releases/tag/jetty-9.4.39.v20210325].,CVE-2021-28165 - Upgrade jetty to 9.4.39. *CVE-2021-28165* vulnerability affects Jetty versions up to *9.4.38*.,Seems like this was not back-ported to 2.7.1. Can someone confirm? 
KAFKA-12650,NPE in InternalTopicManager#cleanUpCreatedTopics. {code:java} java.lang.NullPointerException 	at org.apache.kafka.streams.processor.internals.InternalTopicManager.cleanUpCreatedTopics(InternalTopicManager.java:675) 	at org.apache.kafka.streams.processor.internals.InternalTopicManager.maybeThrowTimeoutExceptionDuringSetup(InternalTopicManager.java:755) 	at org.apache.kafka.streams.processor.internals.InternalTopicManager.processCreateTopicResults(InternalTopicManager.java:652) 	at org.apache.kafka.streams.processor.internals.InternalTopicManager.setup(InternalTopicManager.java:599) 	at org.apache.kafka.streams.processor.internals.InternalTopicManagerTest.shouldOnlyRetryNotSuccessfulFuturesDuringSetup(InternalTopicManagerTest.java:180) {code} ,Not explicitly documented.,"[~mjsax] [~ableegoldman] , Thank you for reporting this and providing a PR! I commented on the PR. | [https://github.com/apache/kafka/pull/10042/checks?check_run_id=2319410471]  | This was from InternalTopicManagerTest.shouldOnlyRetryNotSuccessfulFuturesDuringSetup() btw.  https://ci-builds.apache.org/job/Kafka/job/kafka-pr/job/PR-10411/12/testReport/junit/org.apache.kafka.stre"
KAFKA-12626,"RaftClusterTest and ClusterTestExtensionTest failures. RaftClusterTest and ClusterTestExtensionsTest.[Quorum 2] Name=cluster-tests-2, security=PLAINTEXT are failing due to {noformat} java.util.concurrent.ExecutionException: java.lang.ClassNotFoundException: org.apache.kafka.controller.NoOpSnapshotWriterBuilder{noformat} I think it is related to the changes from [https://github.com/apache/kafka/commit/7bc84d6ced71056dbb4cecdc9abbdbd7d8a5aa10#diff-77dc2adb187fd078084644613cff2b53021c8a5fbcdcfa116515734609d1332aR210]  specifically this part of the code [https://github.com/apache/kafka/blob/33d0445b8408289800352de7822340028782a154/metadata/src/main/java/org/apache/kafka/controller/QuorumController.java#L210]",I think it is related to the changes from [ specifically this part of the code [.,This should be fixed by https://github.com/apache/kafka/pull/10496
KAFKA-12621,"Kafka setup with Zookeeper- specifying an alternate znode creates the configuration at the wrong znode. While configuring kafka with an znode apart from ""/"", the configuration is created in the wrong znode. Fo example, I have the following entry in my server.properties  _zookeeper.connect=10.114.103.207:2181/kafka_secondary_cluster,10.114.103.206:2181/kafka_secondary_cluster,10.114.103.205:2181/kafka_secondary_cluster_  The IPs are the IP addresses of the nodes of zookeeper cluster. I expect the kafka server to use _kafka_secondary_cluster_ as the znode in the zookeeper nodes. But, the znode which is created is actually  _/kafka_secondary_cluster,10.114.103.206:2181/kafka_secondary_cluster,10.114.103.205:2181/kafka_secondary_cluster_  Executing ls on the above path shows me the necessary znodes being created in that path  _[zk: localhost:2181(CONNECTED) 1] ls /kafka_secondary_cluster,10.114.",Kafka setup with Zookeeper- specifying an alternate znode creates the configuration at the wrong znode.,"Incorrect configuration on my part | Thanks! I completely missed that. | Based on various examples, you only need the znode on the very last entry  This is also stated as such in the docs - https://kafka.apache.org/documentation/#brokerconfigs_zookeeper.connect"
KAFKA-12619,"Ensure LeaderChange message is committed before initializing high watermark. KIP-595 describes an extra condition on commitment here: https://cwiki.apache.org/confluence/display/KAFKA/KIP-595%3A+A+Raft+Protocol+for+the+Metadata+Quorum#KIP595:ARaftProtocolfortheMetadataQuorum-Fetch. In order to ensure that a newly elected leader's committed entries cannot get lost, it must commit one record from its own epoch. This guarantees that its latest entry is larger (in terms of epoch/offset) than any previously written record which ensures that any future leader must also include it. This is the purpose of the LeaderChange record which is written to the log as soon as the leader gets elected.  We have this check implemented here: https://github.com/apache/kafka/blob/trunk/raft/src/main/java/org/apache/kafka/raft/LeaderState.java#L122. However, the check needs to be a strict","In order to ensure that a newly elected leader's committed entries cannot get lost, it must commit one record from its own epoch.",Fixed
KAFKA-12611,"Fix using random payload in ProducerPerformance incorrectly. In ProducerPerformance, random payload always same. it has a great impact when use the compression.type option.","In ProducerPerformance, random payload always same. it has a great impact when use the compression.type option.",Fixed
KAFKA-12602,The LICENSE and NOTICE files don't list everything they should. [~jmclean] raised this on the mailing list: [https://lists.apache.org/thread.html/r2df54c11c10d3d38443054998bc7dd92d34362641733c2fb7c579b50%40%3Cdev.kafka.apache.org%3E]     We need to make  the license file match what we are actually shipping in source and binary distributions.,The LICENSE and NOTICE files don't list everything they should.,"Just filed https://issues.apache.org/jira/browse/KAFKA-12625 to fix the NOTICE file.  This is the last loose end, so I'll go ahead and close this ticket. | I created subtasks for 2.7 and 2.6.  Also created https://issues.apache.org/jira/browse/KAFKA-12622 to automate a check. | Thank you, [~jmclean] ,     There weren't too many BSD or MIT licenses, so I've gone ahead and just copied the exact license files from each one of those dependencies. Thanks for the feedback.  I also"
KAFKA-12593,"Some Scala, Python, and Gradle files contain the wrong license header. Thanks to [~jmclean] for raising this issue in the mailing list thread:  [https://lists.apache.org/thread.html/r2df54c11c10d3d38443054998bc7dd92d34362641733c2fb7c579b50%40%3Cdev.kafka.apache.org%3E]   ","Some Scala, Python, and Gradle files contain the wrong license header.","Thanks for the confirmation, [~jmclean] ! | In general: - If the work was done at the ASF it should use ASF headers and not have a copyright line and you should not add anything to NOTICE. [1] - If the work come in as an SGA then it should be u | Thanks for the reminder, Sophie. I had forgotten to look in the python and gradle files. I believe all the copyright notices are fixed now."
KAFKA-12583,"Upgrade of netty-codec due to CVE-2021-21295. Our security tool raised the following security flaw on kafka 2.7: [https://nvd.nist.gov/vuln/detail/CVE-2021-21295]  It is a vulnerability related to jar *netty-codec-4.1.51.Final.jar*.  Looking at source code, the netty-codec in trunk and 2.7.0 branches are still vulnerable.  Based on netty issue tracker, the vulnerability is fixed in 4.1.60.Final: https://github.com/netty/netty/security/advisories/GHSA-wm47-8v5p-wjpj",Upgrade of netty-codec due to CVE-2021-21295.,"We don't use netty for http2 in Kafka, so I don't think the CVE applies. In any case, we upgraded."
KAFKA-12557,"org.apache.kafka.clients.admin.KafkaAdminClientTest#testClientSideTimeoutAfterFailureToReceiveResponse intermittently hangs indefinitely. While running tests for [https://github.com/apache/kafka/pull/10397,] I got a test timeout under Java 8.  I ran it locally via `./gradlew clean -PscalaVersion=2.12 :clients:unitTest --profile --no-daemon --continue -PtestLoggingEvents=started,passed,skipped,failed -PignoreFailures=true -PmaxTestRetries=1 -PmaxTestRetryFailures=5` (copied from the Jenkins log) and was able to determine that the hanging test is:  org.apache.kafka.clients.admin.KafkaAdminClientTest#testClientSideTimeoutAfterFailureToReceiveResponse  It's odd, but it hangs most times on my branch, and I haven't seen it hang on trunk, despite the fact that my PR doesn't touch the client or core code at all.  Some debugging reveals that when the client is hanging, it's because the listTopics request is still sitting in its pendi",the listTopics request is still sitting in its pendi.,Fixed
KAFKA-12548,"Invalid record error message is not getting sent to application. The ProduceResponse includes a nice record error message when we return INVALID_RECORD_ERROR. Sadly this is getting discarded by the producer, so the user never gets a chance to see it.","Sadly this is getting discarded by the producer, so the user never gets a chance to see it.",Fixed
KAFKA-12537,"Single Threaded applications will not work with SHUTDOWN_APPLICATION. Single Threaded EOS applications will not work with the streams uncaught exception handler option SHUTDOWN_APPLICATION. This is because the EOS thread needs to close and clean up, but to send the shutdown signal it needs to have at least one thread running.","the EOS thread needs to close and clean up, but to send the shutdown signal it needs to have at least one thread running.","It maybe possible to add a thread, have that send the shutdown signal then the whole things will come down"
KAFKA-12523,"Need to improve handling of TimeoutException when committing offsets. Right now, in TaskManager#commitOffsetsOrTransaction if we  catch a TimeoutException then under ALOS we just rethrow it while in EOS we rethrow it as TaskCorruptedException. The problem is that commitOffsetsOrTransaction can be invoked from several places: # Commit within StreamThread main processing loop (either user requested or commit interval has elapsed: this is presumably the case we had in mind when deciding how to handle the TimeoutException in commitOffsetsOrTransaction , no problem here # Clean shutdown of application: a bit weird to throw a TaskCorruptedException in this case, but it’ll just end up being caught and forcing a closeDirty, so again no problem here # From TaskManager#handleRevocation: in this case, it’s possible we hit a TimeoutException on a task that’s actually be",Need to improve handling of TimeoutException when committing offsets.,Fixed
KAFKA-12522,"Cast SMT should allow null value records to pass through . The [current Cast SMT|https://github.com/apache/kafka/blob/trunk/connect/transforms/src/main/java/org/apache/kafka/connect/transforms/Cast.java] fails on a null record value (or a null record key), which is problematic for tombstone records. When a tombstone record reaches the transformation the error below is thrown:  {code:java} Caused by: org.apache.kafka.connect.errors.DataException: Only Map objects supported in absence of schema for [cast types], found: null at org.apache.kafka.connect.transforms.util.Requirements.requireMap(Requirements.java:38) {code}  Null values should instead be allowed to pass through as there is no cast transformation to be done, with the benefit of allowing the connector to handle the tombstone records as intended. ",Cast SMT should allow null value records to pass through.,Fixed
KAFKA-12520,"Producer state is needlessly rebuilt on startup. When we find a {{.swap}} file on startup, we typically want to rename and replace it as {{.log}}, {{.index}}, {{.timeindex}}, etc. as a way to complete any ongoing replace operations. These swap files are usually known to have been flushed to disk before the replace operation begins.  One flaw in the current logic is that when we recover these swap files on startup, we end up truncating the producer state and rebuild it from scratch. This is unneeded as the replace operation does not mutate the producer state by itself. It is only meant to replace the {{.log}} file along with corresponding indices.  Because of this unneeded producer state rebuild operation, we have seen multi-hour startup times for clusters that have large compacted topics.","of this unneeded producer state rebuild operation, we have seen multi-hour startup times for clusters that have large compacted topics.",merged the PR to trunk
KAFKA-12514,"NPE in SubscriptionState. In a soak test, we got this exception:    {code:java} java.lang.NullPointerException	at org.apache.kafka.clients.consumer.internals.SubscriptionState.partitionLag(SubscriptionState.java:545)	at org.apache.kafka.clients.consumer.KafkaConsumer.currentLag(KafkaConsumer.java:2241)	at org.apache.kafka.streams.processor.internals.PartitionGroup.readyToProcess(PartitionGroup.java:143)	at org.apache.kafka.streams.processor.internals.StreamTask.isProcessable(StreamTask.java:650)	at org.apache.kafka.streams.processor.internals.StreamTask.process(StreamTask.java:661)	at org.apache.kafka.streams.processor.internals.TaskManager.process(TaskManager.java:1114) {code} This is related to the implementation of:  [https://cwiki.apache.org/confluence/display/KAFKA/KIP-695%3A+Further+Improve+Kafka+Streams+Time",NPE in SubscriptionState.,Fixed
KAFKA-12508,"Emit-on-change tables may lose updates on error or restart in at_least_once. [KIP-557|https://cwiki.apache.org/confluence/display/KAFKA/KIP-557%3A+Add+emit+on+change+support+for+Kafka+Streams] added emit-on-change semantics to KTables that suppress updates for duplicate values.  However, this may cause data loss in at_least_once topologies when records are retried from the last commit due to an error / restart / etc.     Consider the following example: {code:java} streams.table(source, materialized) .toStream() .map(mayThrow()) .to(output){code}    # Record A gets read  # Record A is stored in the table  # The update for record A is forwarded through the topology  # Map() throws (or alternatively, any restart while the forwarded update was still being processed and not yet produced to the output topic)  # The stream is restarted and ""retries"" from the last commit  ",Emit-on-change tables may lose updates on error or restart in at_least_once.,"Disabled KIP-557 entirely. | Thanks [~cmaus] , I think you're right.  Since this feature is purely an optimization, and since it doesn't seem like we're going to be able to patch it up to avoid these data loss conditions, I'm jus | I'm wondering if emit-on-change tables can be safely used with compacted input topics and at-least-once semantics.  Given the following records in the input topic: timestamp, key, value  1, 1, 1 2, 1,"
KAFKA-12503,"Resizing the thread cache in a non thread safe way can cause records to be redirected throughout the topology. When a thread is added, removed or replaced the cache is resized. When the thread cache was resized it was being done so from the thread initiating these calls. This can cause the record to be redirected to the wrong processor via the call to `evict` in the cache. The evict flushes records downstream to the next processor after the cache. But if this is on the wrong thread the wrong processor receives them.   This can cause 3 problems.  1) When the owner finishes processing the record it set the current node to null in the processor context a this then causes the other processor to throw an exception `StreamsException: Current node is unknown.`.   2) Depending on the type it can cause a class cast exception as the record is a different type. Mostly this happened when the value types were d",Resizing the thread cache in a non thread safe way can cause records to be redirected throughout the topology.,"I would also like to note that this was only observed in at least once processing guarantee  | Thanks for the summary [~wcarlson5] [~ableegoldman]. I'm wondering if we should fix it along with https://issues.apache.org/jira/browse/KAFKA-12500 together by adding a separate function in the cache  | Thanks for the writeup! If anyone reading this wants to check out the code for themselves, the methods and classes of note are (1) the ProcessorContext, which tracks a ""current node"" and forwards reco"
KAFKA-12500,"Cache memory is leaked after removing/replacing a StreamThread. We currently leak the memory given to a StreamThread for its cache after it gets shutdown due to being removed or replaced.   Removal: If the StreamThread is removing itself, or if a thread is being removed by an external caller but fails to shutdown within the allotted time, it won't be removed from the `threads` list to avoid freeing up it's thread id while still running. If the thread hasn't reached the DEAD state when we resize the cache, the new cache size per thread is computed based on the number of live threads, which includes the removed thread at this point.  Replacement: When a thread is replaced, we first shutdown that thread but hold off on removing it from the threads list until it's DEAD. Immediately after the shutdown we call addStreamThread to start up a new thread, which ","A StreamThread that fails to shut down within the removal timeout is intentionally left in the `threads` list, so its thread ID cannot be reused while it is still running.",Fixed
KAFKA-12492,Formatting of example RocksDBConfigSetter is messed up. See the example implementation class CustomRocksDBConfig in the docs for the rocksdb.config.setter  https://kafka.apache.org/documentation/streams/developer-guide/config-streams.html#rocksdb-config-setter,Formatting of example RocksDBConfigSetter is messed up.,"Sounds good to me. I will do a follow-up PR. | Merged, thanks for the PR! Unfortunately we just barely missed the 2.8 release, as John cut the RC earlier today. If you want to see this fix in the 2.8 docs then you'll need to submit this exact PR a | Do we need to run [local tests|https://github.com/apache/kafka/blob/trunk/README.md] and build trigger for this task as described here: [https://cwiki.apache.org/confluence/display/KAFKA/Contributing+"
KAFKA-12491,"RocksDB not being pulled in as a transitive dependency. In [pull/10203|https://github.com/apache/kafka/pull/10203] we stopped pulling in non-api dependencies and listed the rocksdb dependency as an implementation. However users may need to pull in RocksDB classes (such as Options, and various other sub-options such as TableFormatConfig). We should change this dependency to an api so that it gets pulled in as a transitive dependency and users aren't required to pull it in themselves and maintain compatibility",RocksDB not being pulled in as a transitive dependency.,Fixed
KAFKA-12474,"Worker can die if unable to write new session key. If a distributed worker is unable to write (and then read back) a new session key to the config topic, an uncaught exception will be thrown from its herder's tick thread, killing the worker.  See [https://github.com/apache/kafka/blob/8da65936d7fc53d24c665c0d01893d25a430933b/connect/runtime/src/main/java/org/apache/kafka/connect/runtime/distributed/DistributedHerder.java#L366-L369]  One way we can handle this case by forcing a read to the end of the config topic whenever an attempt to write a new session key to the config topic fails.",Worker can die if unable to write new session key.,"Merged to the `trunk` branch after the `2.8` branch was created and after code freeze, and merged to:  * the `2.5` branch (for inclusion in upcoming 2.5.2),   * the `2.6` branch (for inclusion in upco"
KAFKA-12462,"Threads in PENDING_SHUTDOWN entering a rebalance can cause an illegal state exception . A thread was removed, sending it to the PENDING_SHUTDOWN state, but went through a rebalance before completing the shutdown. {code:java} // [2021-03-07 04:33:39,385] DEBUG [i-07430efc31ad166b7-StreamThread-6] stream-thread [i-07430efc31ad166b7-StreamThread-6] Ignoring request to transit from PENDING_SHUTDOWN to PARTITIONS_REVOKED: only DEAD state is a valid next state (org.apache.kafka.streams.processor.internals.StreamThread) {code} Inside StreamsRebalanceListener#onPartitionsRevoked, we have {code:java} //  if (streamThread.setState(State.PARTITIONS_REVOKED) != null && !partitions.isEmpty())     taskManager.handleRevocation(partitions); {code} Since PENDING_SHUTDOWN → PARTITIONS_REVOKED is a disallowed transition, we never invoke TaskManager#handleRevocation. Currently handleRevocation i",Threads in PENDING_SHUTDOWN entering a rebalance can cause an illegal state exception.,"The only real downside in 2.7 is that we won't properly clean up the task, ie we'll skip committing the offsets and writing the checkpoint. So we'd lose any work we did since the last commit – for EOS | If we were shutting down the whole client the thread would become dead either way. In 2.7 I think the only impact it would have is that the handler would get called after the close call when it should | Thanks Walker! This actually seems like a long-lurking bug that was just surfaced by the removeStreamThread() feature, not caused by it. Before we could remove threads this was only possible when shut"
KAFKA-12455,OffsetValidationTest.test_broker_rolling_bounce failing for Raft quorums. OffsetValidationTest.test_broker_rolling_bounce in `consumer_test.py` is failing because the consumer group is rebalancing unexpectedly.,the consumer group is rebalancing unexpectedly.,"The test is using the default value of metadata.max.age.ms=300000 (5 minutes).  When I explicitly turn it down to metadata.max.age.ms=5000 (5 seconds) the test passes for Raft but then fails for ZK (2 | I looked at the brokers' metadata caches for the two separate configurations -- ZK vs. Raft -- to find out what percentage of the time they showed showed 1 alive broker instead of 2.  I was expecting  | With a 2-broker cluster that undergoes a series of 5 rolling restarts (which is what is happening here), in the Raft case, the consumers sometimes receive a `MetadataResponse` that has only a single b"
KAFKA-12435,Several streams-test-utils classes missing from javadoc. !image-2021-03-05-14-22-45-891.png!  Only 3 of them show up currently ^. Source: https://kafka.apache.org/27/javadoc/index.html,Several streams-test-utils classes missing from javadoc. !image-2021-03-05-14-22-45-891.png!.,"Thanks for the report, [~ijuma] . The errors are unintuitive, but it seems to be because we're publishing javadocs for public APIs in the test-utils module that import internal classes from the main S | cc [~mjsax] [~vvcephei] | If you run `aggregatedJavadoc` with Java 8, you will see some warnings that are likely related. With Java 11, the same warnings are transformed into errors: {quote}/home/ijuma/src/kafka/streams/test-u"
KAFKA-12427,Broker does not close muted idle connections with buffered data. ,Broker does not close muted idle connections with buffered data.,Fixed
KAFKA-12426,"Missing logic to create partition.metadata files in RaftReplicaManager. As part of KIP-516, the broker should create a partition.metadata file for each partition in order to keep track of the topicId. This is done through `Partition.checkOrSetTopicId`. We have the logic for this in `ReplicaManager.becomeLeaderOrFollower` already, but we need to implement analogous logic in `RaftReplicaManager.handleMetadataRecords`.","I'd suggest we target 2.8.1 for now, but if the patch is not too crazy, we might still be able to get it in | While working on this bug, I caught another small bug in ReplicaManager due to changing the position of the topic ID check (to prevent handling a request for an inconsistent ID).","[~jolshan] Thanks, good find. Since it is not a regression, it's tough to call it a blocker. I'd suggest we target 2.8.1 for now, but if the patch is not too crazy, we might still be able to get it in | While working on this bug, I caught another small bug in ReplicaManager due to changing the position of the topic ID check (to prevent handling a request for an inconsistent ID).  I realized that on t"
KAFKA-12412,"Group Coordinator followers are failing with OffsetsOutOfOrderException. Upon failure of group coordinator, the followers of newly elected group coordinator are failing with  OffsetsOutOfOrderException     Kafka Broker Version: 2.6.0  Zookeeper version: 3.0.7  consumer API: 1.6.0  producer: libdirkafka: 0.9.1  PFA: follower logs",Group Coordinator followers are failing with OffsetsOutOfOrderException.,Fixed
KAFKA-12393,"Document multi-tenancy considerations. We should provide an overview of multi-tenancy consideration (e.g., user spaces, security) as the current documentation lacks such information.",Document multi-tenancy considerations.,"Merged to trunk and cherry-picked to 2.8 | bbejeck merged pull request #334: URL: https://github.com/apache/kafka-site/pull/334         ---------------------------------------------------------------- This is an automated message from the Apac | miguno commented on pull request #334: URL: https://github.com/apache/kafka-site/pull/334#issuecomment-790412618      Thanks all for reviewing, much appreciated!   ------------------------------------"
KAFKA-12389,"Upgrade of netty-codec due to CVE-2021-21290. Our security tool raised the following security flaw on kafka 2.7: [https://nvd.nist.gov/vuln/detail/CVE-2021-21290]  It is a vulnerability related to jar *netty-codec-4.1.51.Final.jar*.  Looking at source code, the netty-codec in trunk and 2.7.0 branches are still vulnerable.  Based on netty issue tracker, the vulnerability is fixed in 4.1.59.Final: https://github.com/netty/netty/security/advisories/GHSA-5mcr-gq6c-3hq2",Upgrade of netty-codec due to CVE-2021-21290.,Issue resolved by pull request 10235 [https://github.com/apache/kafka/pull/10235]
KAFKA-12383,Get RaftClusterTest.java and other KIP-500 junit tests working. ,Get RaftClusterTest.java and other KIP-500 junit tests working.,"Thanks [~mjsax]! | Created https://issues.apache.org/jira/browse/KAFKA-12629 as follow up. | The PR for this Jira was merged, so I closed it. We should probably have a different one for the flakiness."
KAFKA-12382,Create KIP-500 README for the 2.8 release. ,Create KIP-500 README for the 2.8 release.,Fixed
KAFKA-12381,"Incompatible change in verifiable_producer.log in 2.8. In test_verifiable_producer.py , we used to see this error message in verifiable_producer.log when a topic couldn't be created:  WARN [Producer clientId=producer-1] Error while fetching metadata with correlation id 1 : {test_topic=LEADER_NOT_AVAILABLE} (org.apache.kafka.clients.NetworkClient) The test does a grep LEADER_NOT_AVAILABLE on the log in this case, and it used to pass.  Now we are instead seeing this in the log file:  WARN [Producer clientId=producer-1] Error while fetching metadata with correlation id 1 : {test_topic=INVALID_REPLICATION_FACTOR} (org.apache.kafka.clients.NetworkClient) And of course now the test fails.  The INVALID_REPLICATION_FACTOR is coming from the new auto topic creation manager.  It is a simple matter to make the test pass -- I have confirmed that it passes",Incompatible change in verifiable_producer.log in 2.8.,"I checked 2.7 code, and we only return INVALID_REPLICATION_FACTOR for internal topics: {code:java} if (isInternal(topic)) {   val topicMetadata = createInternalTopic(topic)   if (topicMetadata.errorCo | [~bchen225242] I would not focus too much on the system test failure. The main thing to verify is whether there is a behavior change here in the `Metadata` response. If we are returning `INVALID_REPLI | [~cmccabe] Could you provide more specific details here, such like which test case is failing and where you were fixing the log grep?"
KAFKA-12376,Use scheduleAtomicAppend for records that need to be atomic. ,Use scheduleAtomicAppend for records that need to be atomic.,"Yes [~rounak] . I am working on it at the moment. I'll update the Jira soon with more information. | {quote}records that need to be atomic {quote}    Can you help understand which type of records are these? That is, how do we identify these records and use `scheduleAtomicAppend` for them?"
KAFKA-12375,"ReplaceStreamThread creates a new consumer with the same name as the one it's replacing. I was debugging the kafka-streams soak cluster and noticed that replacing a stream thread was causing the streams application to fail. I have managed to find the following stacktrace:  {code:java} javax.management.InstanceAlreadyExistsException: kafka.consumer:type=app-info,id=i-0cdac8830ee1b8f01-StreamThread-1-restore-consumer at com.sun.jmx.mbeanserver.Repository.addMBean(Repository.java:437) at com.sun.jmx.interceptor.DefaultMBeanServerInterceptor.registerWithRepository(DefaultMBeanServerInterceptor.java:1898) at com.sun.jmx.interceptor.DefaultMBeanServerInterceptor.registerDynamicMBean(DefaultMBeanServerInterceptor.java:966) at com.sun.jmx.interceptor.DefaultMBeanServerInterceptor.registerObject(DefaultMBeanServerInterceptor.java:900) at com.sun.jmx.interceptor.DefaultMBeanServerInterc",ReplaceStreamThread creates a new consumer with the same name as the one it's replacing.,"I agree with [~ableegoldman] that ensuring a unique thread ID solves also other issues like the metrics issue above. We cannot wait for the metrics to be removed from the metrics because that happens  | My primary motivation for fixing the thread names was that there are other things (eg the client ids) which are based on the thread.id, and are presumed to be unique. I'm not even sure we could recogn | Thanks [~ableegoldman] .  I couldn't believe that the locking is really just based on the name of the thread, so I had to see for myself: {code:java} org.apache.kafka.streams.processor.internals.State"
KAFKA-12374,"Add missing config sasl.mechanism.controller.protocol. The config `sasl.mechanism.controller.protocol` from KIP-631 is not implemented.  Furthermore, `KafkaRaftManager` is using inter-broker security information when it connects to the Raft controller quorum.  KafkaRaftClient should use the first entry in `controller.listener.names` to determine the listener name; that listener name's mapped value in the `listener.security.protocol.map` (if such a mapping exists, otherwise the listener name itself) for the security protocol; and the value of `sasl.mechanism.controller.protocol` for the SASL mechanism.  Finally, `RaftControllerNodeProvider` needs to use the value of `sasl.mechanism.controller.protocol` instead of the inter-broker sasl mechanism (it currently determines the listener name and security protocol correctly)",The config `sasl.mechanism.controller.protocol` from KIP-631 is not implemented.,Fixed
KAFKA-12367,"RaftReplicaManager needs to propagate isr version to Partition. The quorum controller verifies the isr version from the `AlterIsr` request. If it does not match, then `INVALID_UPDATE_VERSION` is returned. At the moment, this prevents the leader from being able to shrink or expand the ISR since the version does not get propagated in `RaftReplicaChangeDelegate.makeLeaders`.","If it does not match, then `INVALID_UPDATE_VERSION` is returned.",Fixed
KAFKA-12366,Performance regression in stream-table joins on trunk. Stream-table join benchmarks have revealed a significant performance regression on trunk as compared to the latest release version. We should investigate as a blocker prior to the 3.0 release.,Performance regression in stream-table joins on trunk.,"Thanks for the report [~vcrfxia] , I have reviewed the benchmark results offline, and I believe this was caused by the task idling improvements from KIP-695.  [https://cwiki.apache.org/confluence/disp"
KAFKA-12357,"Do not inline methods from the scala package by default. As mentioned in [https://github.com/apache/kafka/pull/9548,] users currently use the kafka jar (`core` module) for integration testing and the current inlining behavior causes problems when the user's classpath contains a different Scala version than the one that was used for compilation.  An example error: {quote}java.lang.NoClassDefFoundError: scala/math/Ordering$$anon$7 {quote} We should not inline methods from the scala package by default, but we should make that easy for people who want to build an optimized kafka jar where they can ensure the scala library jar matches the one used for compilation (a reasonably common case).",Do not inline methods from the scala package by default.,Fixed
KAFKA-12350,"document  about refresh.topics.interval.seconds default value is not right . The config, refresh.topics.interval.seconds, described in document  give the defalut value 6000, ten minutes. 600 seconds or 100 minutes?",document about refresh.topics.interval.seconds default value is not right.,"chia7712 commented on pull request #332: URL: https://github.com/apache/kafka-site/pull/332#issuecomment-786457377      @showuon Thanks for this patch :)   -------------------------------------------- | chia7712 merged pull request #332: URL: https://github.com/apache/kafka-site/pull/332         ---------------------------------------------------------------- This is an automated message from the Apa | showuon commented on pull request #332: URL: https://github.com/apache/kafka-site/pull/332#issuecomment-786370398      @chia7712 , could you also review this PR? Same as this one: apache/kafka#10165, "
KAFKA-12343,Recent change to use SharedTopicAdmin in KakfkaBasedLog fails with AK 0.10.x brokers. System test failure ([sample|http://confluent-kafka-2-7-system-test-results.s3-us-west-2.amazonaws.com/2021-02-18--001.1613655226--confluentinc--2.7--54952635e5/report.html]): {code:java} Java.lang.Exception: UnsupportedVersionException: MetadataRequest versions older than 4 don't support the allowAutoTopicCreation field         at org.apache.kafka.clients.admin.KafkaAdminClient$Call.fail(KafkaAdminClient.java:755)         at org.apache.kafka.clients.admin.KafkaAdminClient$AdminClientRunnable.handleResponses(KafkaAdminClient.java:1136)         at org.apache.kafka.clients.admin.KafkaAdminClient$AdminClientRunnable.processRequests(KafkaAdminClient.java:1301)         at org.apache.kafka.clients.admin.KafkaAdminClient$AdminClientRunnable.run(KafkaAdminClient.java:1224)         at java.lang.Thr,Recent change to use SharedTopicAdmin in KakfkaBasedLog fails with AK 0.10.x brokers.,Fixed
KAFKA-12341,"Duplicate javassist library found in broker classpath. Installed new kafka 2.7.0 with scala 2.13, configured and start broker. Checked the process information and found: {code:java} /opt/jdk11/bin/java -Xmx1G -Xms1G -server -XX:+UseG1GC -XX:MaxGCPauseMillis=20 -XX:InitiatingHeapOccupancyPercent=35 -XX:+ExplicitGCInvokesConcurrent -XX:MaxInlineLevel=15 -Djava.awt.headless=true -Xlog:gc*:file=/home/kafka/kafka/logs2/kafkaServer-gc.log:time,tags:filecount=10,filesize=100M -Dcom.sun.management.jmxremote -Dcom.sun.management.jmxremote.authenticate=false -Dcom.sun.management.jmxremote.ssl=false -Dkafka.logs.dir=/home/kafka/kafka/logs2 -Dlog4j.configuration=file:/home/kafka/kafka/bin/../config/log4j.properties -cp /home/kafka/kafka/bin/../libs/activation-1.1.1.jar:[...]:/home/kafka/kafka/bin/../libs/javassist-3.25.0-GA.jar:/home/kafka/kafka/bin/../li",Duplicate javassist library found in broker classpath.,Thanks for the PR. Submitted a fix here: https://github.com/apache/kafka/pull/10191 | Looks like only tools depends old javassist    {noformat} +--- org.glassfish.jersey.inject:jersey-hk2:2.31 |    +--- org.glassfish.jersey.core:jersey-common:2.31 (*) |    +--- org.glassfish.hk2:hk2-lo
KAFKA-12340,"Recent change to use SharedTopicAdmin results in potential resource leak in deprecated backing store constructors. When KAFKA-10021 modified the Connect `Kafka*BackingStore` classes, we deprecated the old constructors and changed all uses within AK to use the new constructors that take a `Supplier<TopicAdmin>`.  If the old deprecated constructors are used (outside of AK), then they will not close the Admin clients that are created by the ""default"" supplier.",Recent change to use SharedTopicAdmin results in potential resource leak in deprecated backing store constructors.,"Merged to `trunk`, and cherry-picked to:  * `2.8` for inclusion in 2.8.0 (with release manager approval)  * `2.7` for inclusion in 2.7.1  * `2.6` for inclusion in 2.6.2 (with release manager approval)"
KAFKA-12339,"Add retry to admin client's listOffsets. After upgrading our connector env to 2.9.0-SNAPSHOT, sometimes the connect cluster encounters following error. {quote}Uncaught exception in herder work thread, exiting:  (org.apache.kafka.connect.runtime.distributed.DistributedHerder:324)  org.apache.kafka.connect.errors.ConnectException: Error while getting end offsets for topic 'connect-storage-topic-connect-cluster-1'  at org.apache.kafka.connect.util.TopicAdmin.endOffsets(TopicAdmin.java:689)  at org.apache.kafka.connect.util.KafkaBasedLog.readToLogEnd(KafkaBasedLog.java:338)  at org.apache.kafka.connect.util.KafkaBasedLog.start(KafkaBasedLog.java:195)  at org.apache.kafka.connect.storage.KafkaStatusBackingStore.start(KafkaStatusBackingStore.java:216)  at org.apache.kafka.connect.runtime.AbstractHerder.startServices(AbstractHerder.java",Not explicitly documented.,"Merged to `trunk`, and cherry-picked to:  * `2.8` for inclusion in 2.8.0 (with release manager approval)  * `2.7` for inclusion in 2.7.1  * `2.6` for inclusion in 2.6.2 (with release manager approval)"
KAFKA-12336,"custom stream naming does not work while calling stream[K, V](topicPattern: Pattern) API with named Consumed parameter . In our Scala application I am trying to implement custom naming for Kafka Streams application nodes.  We are using topicPattern for our stream source.  Here is an API which I am calling:    {code:java} val topicsPattern=""t-[A-Za-z0-9-].suffix"" val operations: KStream[MyKey, MyValue] =   builder.stream[MyKey, MyValue](Pattern.compile(topicsPattern))(     Consumed.`with`[MyKey, MyValue].withName(""my-fancy-name"")   ) {code}  Despite the fact that I am providing Consumed with custom name the topology describe still show ""KSTREAM-SOURCE-0000000000"" as name for our stream source.  It is not a problem if I just use a name for topic. But our application needs to get messages from set of topics based on topicname pattern matching.  After checking the kakfa code I see that  org.apache.kafka.streams.",custom stream naming does not work while calling streamtopicPattern: Pattern API with named Consumed parameter.,cherry-picked to 2.8 | merged into trunk
KAFKA-12332,"Error partitions from topics with invalid IDs in LISR requests. In a situation where topics are deleted and recreated in a short amount of time, LeaderAndIsr requests can contain topics with invalid IDs, but correct epochs. In this case, we will incorrectly handle the request and simply log an error message on the broker. It will be more useful to not handle the request for the partition with an invalid ID and send and error back to the controller.",Error partitions from topics with invalid IDs in LISR requests.,Fixed
KAFKA-12330,"FetchSessionCache may cause starvation for partitions when FetchResponse is full. The incremental FetchSessionCache sessions deprioritizes partitions where a response is returned. This may happen if log metadata such as log start offset, hwm, etc is returned, or if data for that partition is returned.  When a fetch response fills to maxBytes, data may not be returned for partitions even if the fetch offset is lower than the fetch upper bound. However, the fetch response will still contain updates to metadata such as hwm if that metadata has changed. This can lead to degenerate behavior where a partition's hwm or log start offset is updated resulting in the next fetch being unnecessarily skipped for that partition. At first this appeared to be worse, as hwm updates occur frequently, but starvation should result in hwm movement becoming blocked, allowing a fetch to go thr",FetchSessionCache may cause starvation for partitions when FetchResponse is full.,Fixed
KAFKA-12326,"MM2 fails to start to due missing required configuration ""bootstrap.servers"". I just tried to mirror a topic with MM2 between two clusters with a really simple configuration. Basically, the one provided in the repo with the correct `bootstrap.servers`.  MM2 fails with the following error: {noformat} [2021-02-12 17:05:50,389] ERROR [Worker clientId=connect-1, groupId=B-mm2] Uncaught exception in herder work thread, exiting:  (org.apache.kafka.connect.runtime.distributed.DistributedHerder:324) org.apache.kafka.common.config.ConfigException: Missing required configuration ""bootstrap.servers"" which has no default value. 	at org.apache.kafka.common.config.ConfigDef.parseValue(ConfigDef.java:493) 	at org.apache.kafka.common.config.ConfigDef.parse(ConfigDef.java:483) 	at org.apache.kafka.common.config.AbstractConfig.<init>(AbstractConfig.java:108) 	at org.apache.kafka.comm","MM2 fails to start to due missing required configuration ""bootstrap.servers"".","Merged to `trunk`, cherry-picked to the `2.8`, `2.7`, `2.6`, and `2.5` branches (the same as KAFKA-10021). | Created a PR to fix the issue. This is a one-line change to the `MirrorMaker` class that is the MM2 executable. | Yeah, the fix in KAFKA-10021 definitely caused this problem with the MirrorMaker 2 executable. I've verified that the *MirrorMaker 2 connector and Connect are unaffected*.  I've replicated the problem"
KAFKA-12324,"Upgrade jetty to fix CVE-2020-27218. h3. CVE-2020-27218 Detail  In Eclipse Jetty version 9.4.0.RC0 to 9.4.34.v20201102, 10.0.0.alpha0 to 10.0.0.beta2, and 11.0.0.alpha0 to 11.0.0.beta2, if GZIP request body inflation is enabled and requests from different clients are multiplexed onto a single connection, and if an attacker can send a request with a body that is received entirely but not consumed by the application, then a subsequent request on the same connection will see that body prepended to its body. The attacker will not see any data but may inject data into the body of the subsequent request.",Upgrade jetty to fix CVE-2020-27218. h3.,Issue resolved by pull request 10177 [https://github.com/apache/kafka/pull/10177] | I am now working on this issue. But the Jetty's upgrade is a little bit complicated than expected for API changes.
KAFKA-12323,"Record timestamps not populated in event. Upgraded a kafka streams application from 2.6.0 to 2.7.0. Noticed that the events being produced had a ""CreatedAt"" timestamp = 0, causing downstream failures as we depend on those timestamps. Reverting back to 2.6.0/2.6.1 fixed this issue. This was the only change to the Kafka Streams application.  Consuming the event stream produced by 2.6.0 results in events that, when consumed using the `kafka-avro-console-consumer` and `--property print.timestamp=true` result in events prepended with the event times, such as: {code:java} CreateTime:1613072202271 <key> <value> CreateTime:1613072203412 <key> <value> CreateTime:1613072205431 <key> <value> {code} etc.  However, when those events are produced by the Kafka Streams app using 2.7.0, we get: {code:java} CreateTime:0 <key> <value> CreateTime:0 <",Record timestamps not populated in event.,"[~mjsax]Sure, I can pick it up - though I won't likely be able to start work on it until the beginning of next week (eg: Feb 22-23). | Thanks [~guozhang]. SGTM. – Are we sure that we want to use current wall-clock time as default timestamp for output records of wall-clock time punctuations? I am ok with it, just wanted to double chec | I checked the source code between 2.6 and trunk, and I think there's indeed a regression: for old API, the behavior is not actually ""For timestamp, the dummy value is `0L`."" Instead, it would just kee"
KAFKA-12321,"the comparison function for uuid type should be 'equals' rather than '=='. trunk: {code:java} if (this.taggedUuid != Uuid.fromString(""H3KKO4NTRPaCWtEmm3vW7A"")) {code}  expected: {code:java} if (!this.taggedUuid.equals(Uuid.fromString(""H3KKO4NTRPaCWtEmm3vW7A""))) {code}","the comparison function for uuid type should be 'equals' rather than '=='. trunk: if (this.taggedUuid != Uuid.fromString(""H3KKO4NTRPaCWtEmm3vW7A"")) expected: if (!this.taggedUuid.equals(Uuid.fromString(""H3KKO4NTRPaCWtEmm3vW7A""))) .",Fixed
KAFKA-12308,"ConfigDef.parseType deadlock. hi,  the problem was found, when I restarted *ConnectDistributed*  I restart ConnectDistributed in the single node for the test, with not delete connectors.  sometimes the process stopped when creating connectors.  I add some logger and found it had a deadlock in `ConfigDef.parseType`.My connectors always have the same transforms. I guess when connector startup (in startAndStopExecutor which default 8 threads) and load the same class file it has something wrong.  I attached the jstack log file.  thanks for any help.","found, when I restarted *ConnectDistributed* I restart ConnectDistributed in the single node for the test, with not delete connectors. sometimes the process stopped when creating connectors.",Adding the comment that I added in the PR here as well:     The idea that the {{DelegatingClassLoader}} did not have to be parallel capable originated to the fact that it doesn't load classes directly | [~kkonstantine] I'm not an expert in classloaders but I'm still not sure that DCL shouldn't be considered parallel. The referred class loader guide explicitly says that an acyclic CL should delegate t | [~tombentley] I actually think that the initial suggestion in https://issues.apache.org/jira/browse/KAFKA-7421 regarding the removal of the method lock is correct.   The `DelegatingClassLoader` doesn'
KAFKA-12303,"Flatten SMT drops some fields when null values are present. [This line|https://github.com/apache/kafka/blob/0bc394cc1d19f1e41dd6646e9ac0e09b91fb1398/connect/transforms/src/main/java/org/apache/kafka/connect/transforms/Flatten.java#L109] should be {{continue}} instead of {{return}}; otherwise, the rest of the entries in the currently-being-iterated map are skipped unnecessarily.",Flatten SMT drops some fields when null values are present.,Fixed
KAFKA-12297,"Implementation of MockProducer contradicts documentation of Callback for async send. In Unit tests, a MockProducer is used to imitate a real producer.  Using the errorNext(RuntimeException e) method, it is possible to indicate failures.  BUT: the asynchronous send method with a callback has a clear documentation of that callback interface, stating that Metadata will always be set, and never null.  {{The metadata for the record that was sent (i.e. the partition and offset). An empty metadata with -1 value for all fields except for topicPartition will be returned if an error occurred.}}     The bug is, that in MockProducer's Completion implementation the following happens:  {{if (e == null)}}  {{    callback.onCompletion(metadata, null);}}  {{else}}  {{    callback.onCompletion(null, e);}}     Behaving against the own documentation leads to very subtle bugs: tests that imple","BUT: the asynchronous send method with a callback has a clear documentation of that callback interface, stating that Metadata will always be set, and never null. `The metadata for the record that was sent (i.e. the partition and offset).",Fixed
KAFKA-12290,"Adding a new topic or removing an existing topic to/from --whitelist in mirrormaker config file stops all replication. Looking for some assistance, not too familiar with mirrormaker.  In our mirrormaker, adding a new topic or removing an existing topic from the --whitelist in the config service file for mirrormaker stops all replication.  # Could I get advise on why this might be & what to check?  # Mirrormaker is at the target cluster  # Topics are manually created in both source and destination",Adding a new topic or removing an existing topic to/from --whitelist in mirrormaker config file stops all replication.,Fixed
KAFKA-12272,"Kafka Streams metric commit-latency-max and commit-latency-avg is always 0. After upgrading to Kafka Streams 2.7.0, the JMX metrics commit-latency-max and commit-latency-avg is always equal to 0.   For the same application, with Kafka Streams 2.6.0 and bellow, I can observe:  !KS-2.6.0.png!    With Kafka Streams 2.7.0:  !KS-2.7.0.png!    By quickly looking at the issue, I got the feeling it's a drawback from: https://github.com/apache/kafka/pull/9634.  We are setting _now_ to the current Time in the _maybeCommit()_ function: https://github.com/apache/kafka/blob/2.7/streams/src/main/java/org/apache/kafka/streams/processor/internals/StreamThread.java#L930.   And just after we do a _Time.millisecond() - now_ (that we just updated) to compute the latency: https://github.com/apache/kafka/blob/2.7/streams/src/main/java/org/apache/kafka/streams/processor/internals/Stream",Kafka Streams metric commit-latency-max and commit-latency-avg is always 0.,"Bumping this to ""blocker"" as it's a regression."
KAFKA-12270,"Kafka Connect may fail a task when racing to create topic. When a source connector configured with many tasks and to use the new topic creation feature is run, it is possible that multiple tasks will attempt to write to the same topic, will see that the topic does not exist, and then race to create the topic. The topic is only created once, but some tasks might fail with: {code:java} org.apache.kafka.connect.errors.ConnectException: Task failed to create new topic (name=TOPICX, numPartitions=8, replicationFactor=3, replicasAssignments=null, configs={cleanup.policy=delete}). Ensure that the task is authorized to create topics or that the topic exists and restart the task   at org.apache.kafka.connect.runtime.WorkerSourceTask.maybeCreateTopic(WorkerSourceTask.java:436)   at org.apache.kafka.connect.runtime.WorkerSourceTask.sendRecords(WorkerSourceTa","When a source connector configured with many tasks and to use the new topic creation feature is run, it is possible that multiple tasks will attempt to write to the same topic, will see that the topic does not exist, and then race to create the topic.","Merged to `trunk` for the upcoming 2.8.0, and cherrypicked to the 2.7 branch for the next 2.7.1 and to the 2.6 branch for the next 2.6.2. | Ok, I didn't really like that the first PR added another admin client call to (re)describe the topic in question when the `createTopic(...)` method returned false, meaning the topic was not created (b | I don't think it's because the exception is retriable, because the `TopicAdmin.createTopics(...)` method explicitly catches a `TopicExistsException` and simply returns a response without the topic nam"
KAFKA-12268,"System tests broken because consumer returns early without records . https://issues.apache.org/jira/browse/KAFKA-10866 added metadata to ConsumerRecords. We add metadata even when there are no records. As a result, we sometimes return early from KafkaConsumer#poll() with no records because FetchedRecords.isEmpty returns false if either metadata or records are available. This breaks system tests which rely on poll timeout, expecting records to be returned on every poll when there is no timeout.",consumer returns early without records . added metadata to ConsumerRecords.,Fixed
KAFKA-12262,"New session keys are never distributed when follower with key becomes leader. The expiration time for session keys [starts at {{Long.MAX_VALUE}}|https://github.com/apache/kafka/blob/1c00d9dfa50570b4554a123bfe91ccc5e9ad1ca9/connect/runtime/src/main/java/org/apache/kafka/connect/runtime/distributed/DistributedHerder.java#L258] and [is updated when a new session key is read if and only if the worker is the leader|https://github.com/apache/kafka/blob/1c00d9dfa50570b4554a123bfe91ccc5e9ad1ca9/connect/runtime/src/main/java/org/apache/kafka/connect/runtime/distributed/DistributedHerder.java#L1579-L1581]. If a follower reads a session key from the config topic, the expiration time will remain {{Long.MAX_VALUE}} and, even if the worker becomes the leader, will not be updated.  Once this happens, all key rotation will cease until and unless the former leader of the cluster bec",New session keys are never distributed when follower with key becomes leader.,Merged and backported for KAFKA-12252. | [https://github.com/apache/kafka/pull/10014] fixes this issue and KAFKA-12252.
KAFKA-12259,Consolidated Status endpoint returns 500 when config provider can't find a config. The consolidated connectors endpoint connectors?expand=status return a `500` error when any of the connector's has an exception from the config provider.  [https://github.com/apache/kafka/blob/e9edf104866822d9e6c3b637ffbf338767b5bf27/connect/runtime/src/main/java/org/apache/kafka/connect/runtime/AbstractHerder.java#L287]   The status endpoint doesn't need the complete list of configs and just requires the Connector Class to infer if it's a `Source` or a `Sink`. The failed connector status should be returned as `Failed` instead of the endpoint returning a 500.,Consolidated Status endpoint returns 500 when config provider can't find a config.,Fixed
KAFKA-12254,"MirrorMaker 2.0 creates destination topic with default configs. `MirrorSourceConnector` implements the logic for replicating data, configurations, and other metadata between the source and destination clusters. This includes the tasks below:  # `refreshTopicPartitions` for syncing topics / partitions from source to destination.  # `syncTopicConfigs` for syncing topic configurations from source to destination.  A limitation is that `computeAndCreateTopicPartitions` creates topics with default configurations on the destination cluster. A separate async task `syncTopicConfigs` is responsible for syncing the topic configs. Before that sync happens, topic configurations could be out of sync between the two clusters.  In the worst case, this could lead to data loss eg. when we have a compacted topic being mirrored between clusters which is incorrectly create",MirrorMaker 2.0 creates destination topic with default configs.,Fixed
KAFKA-12252,"Distributed herder tick thread loops rapidly when worker loses leadership. When a new session key is read from the config topic, if the worker is the leader, it [schedules a new key rotation|https://github.com/apache/kafka/blob/5cf9cfcaba67cffa2435b07ade58365449c60bd9/connect/runtime/src/main/java/org/apache/kafka/connect/runtime/distributed/DistributedHerder.java#L1579-L1581]. The time between key rotations is configurable but defaults to an hour.  The herder then continues its tick loop, which usually ends with a long poll for rebalance activity. However, when a key rotation is scheduled, it will [limit the time spent polling|https://github.com/apache/kafka/blob/5cf9cfcaba67cffa2435b07ade58365449c60bd9/connect/runtime/src/main/java/org/apache/kafka/connect/runtime/distributed/DistributedHerder.java#L384-L388] at the end of the tick loop in order to be able to p",Distributed herder tick thread loops rapidly when worker loses leadership.,"Backported to 2.6 for inclusion in any subsequent 2.6.3 patch release. | Backported to 2.7 for inclusion in any subsequent 2.7.2 patch release. | I'm still working on backporting this to the 2.7 and 2.6 branches. When I'm able to do that, I'll update the fix versions on this issue."
KAFKA-12235,"ZkAdminManager.describeConfigs returns no config when 2+ configuration keys are specified. When {{ZkAdminManager.describeConfigs}} receives {{DescribeConfigsResource}} with 2 or more {{configurationKeys}} specified, it returns an empty configuration.  Here's a test for {{ZkAdminManagerTest}} that reproduces this issue:    {code:scala} @Test def testDescribeConfigsWithConfigurationKeys(): Unit = {   EasyMock.expect(zkClient.getEntityConfigs(ConfigType.Topic, topic)).andReturn(TestUtils.createBrokerConfig(brokerId, ""zk""))   EasyMock.expect(metadataCache.contains(topic)).andReturn(true)    EasyMock.replay(zkClient, metadataCache)    val resources = List(new DescribeConfigsRequestData.DescribeConfigsResource()     .setResourceName(topic)     .setResourceType(ConfigResource.Type.TOPIC.id)     .setConfigurationKeys(List(""retention.ms"", ""retention.bytes"", ""segment.bytes"").asJava)   )  ",ZkAdminManager.describeConfigs returns no config when 2+ configuration keys are specified.,https://github.com/apache/kafka/pull/9990
KAFKA-12233,"Align the length passed to FileChannel by `FileRecords.writeTo`. [https://github.com/apache/kafka/pull/2140/files#r563471404]  we set `int count = Math.min(length, oldSize)`, but we are expected to write from `offset`, so the count should be `Math.min(length, oldSize - offset)`.",Align the length passed to FileChannel by `FileRecords.writeTo`.,"[~chia7712] Thank you, I inspected it again, and below is my understanding.  # FileRecords.writeTo is called my `RecordSend` and the method signature is `writeTo(TransferableChannel channel, long prev | {quote} `FileRecords.writeTo` set length incorrectly {quote}  Pardon me, I don't observe the error. ""oldSize"" is NOT an (end) index of file. Hence, we do get the correct new offset (start + input offs"
KAFKA-12219,"Potential race condition in InMemoryKeyValueStore. With KAFKA-8802 (included in [2.4.0 release|https://downloads.apache.org/kafka/2.4.0/RELEASE_NOTES.html]), {{ConcurrentSkipListMap}} in {{InMemoryKeyValueStore}} was reverted into {{TreeMap}} for performance issues. However, the {{synchronized}} keyword for {{reverseRange}}, {{reverseAll}} methods were omitted when adding the reverse range methods in 2.7, leaving possibility of race condition.",Potential race condition in InMemoryKeyValueStore.,Fixed
KAFKA-12211,"NoSuchFileException will be thrown if hasPersistentStores is false when creating stateDir. We improved the state directory folder/file permission setting in KAFKA-10705. But we forgot to consider one situation: if user doesn't have PersistentStores, we won't need to create base dir and state dir. And if there's no such dir/file, and we tried to set permission to them, we'll have *NoSuchFileException*      {code:java} ERROR Error changing permissions for the state or base directory /var/folders/4l/393lkmzx3zvftwynjngzdsfw0000gn/T/kafka-11254487964259813330/appId_AdjustStreamThreadCountTestshouldAddStreamThread  (org.apache.kafka.streams.processor.internals.StateDirectory:117) 2021-01-15T16:10:44.570+0800 [DEBUG] [TestEventLogger]     java.nio.file.NoSuchFileException: /var/folders/4l/393lkmzx3zvftwynjngzdsfw0000gn/T/kafka-11254487964259813330/appId_AdjustStreamThreadCountTestshou","consider one situation: if user doesn't have PersistentStores, we won't need to create base dir and state dir.",Just re-opening this ticket while we get the fix merged to 2.6 for the 2.6.2 release
KAFKA-12195,Fix synchronization issue happening in KafkaStreams (related to flaky AdjustStreamThreadCountTest). {code} threads = Collections.synchronizedList(new LinkedList<>()); {code}  The synchronization list requires us to manually synchronize the iterator. non-synchronizing the list results in inconsistent results and consequently unstabilize the AdjustStreamThreadCountTest.,Not explicitly documented.,Fixed
KAFKA-12193,"Re-resolve IPs when a client is disconnected. If `client.dns.lookup` is set to `use_all_dns_ips` or `resolve_canonical_bootstrap_servers_only`, the NetworkClient can store multiple IPs for each node, and currently it tries each IP in the list when connecting before re-resolving the IPs. This is useful when first establishing a connection because it ensures that the client exhausts all possible IPs. However, in the case where the IPs changed after a connection was already established, this would cause a reconnecting client to try several invalid IPs before re-resolving and trying a valid one. Instead, we should re-resolve DNS when a client disconnects from an established connection, rather than assuming the all previously-resolved IPs are still valid.",it ensures that the client exhausts all possible IPs.,Fixed
KAFKA-12190,"Failure on Windows due to an UnsupportedOperationException when StateDirectory sets file permissions. There appears to be a regression in Kafka 2.6.1 due to [the changes|https://github.com/apache/kafka/pull/9583] made for KAFKA-10705 that causes a failure on Windows. After upgrading to 2.6.1 from 2.6.0, we're seeing failures in Spring Boot's CI on Windows such as the following:  {noformat} Caused by: java.lang.UnsupportedOperationException: (No message provided)             at java.nio.file.Files.setPosixFilePermissions(Files.java:2044)             at org.apache.kafka.streams.processor.internals.StateDirectory.<init>(StateDirectory.java:115)             at org.apache.kafka.streams.KafkaStreams.<init>(KafkaStreams.java:745)             at org.apache.kafka.streams.KafkaStreams.<init>(KafkaStreams.java:585)             at org.springframework.kafka.config.StreamsBuilderFactoryBean.start(Stream",The state-directory permission handling calls an unsupported file-permission operation on the target filesystem.,"Hi [~mjsax] sure! I searched for the issue on Jira, but didn't find it, that's why the duplicated Jira ticket and the PR. Looking forward for the [~awilkinson] 's fix! | [~awilkinson] Thanks for the PR. I added you to the list of contributors and assigned this ticket to you. You can now also self-assign tickets. | [~iponomarev] Thanks for chiming it – [~awilkinson] was working on this issue already and also did a PR. – I would prefer to review and merge Andy's PR, because he was the first one who reported the i"
KAFKA-12185,Flaky Test StoreQueryIntegrationTest#shouldQueryAllStalePartitionStores. {{{{java.lang.AssertionError: Application did not reach a RUNNING state for all streams instances. Non-running instances: \{org.apache.kafka.streams.KafkaStreams@651720d3=NOT_RUNNING} 	at org.junit.Assert.fail(Assert.java:89) 	at org.apache.kafka.streams.integration.utils.IntegrationTestUtils.startApplicationAndWaitUntilRunning(IntegrationTestUtils.java:892) 	at org.apache.kafka.streams.integration.StoreQueryIntegrationTest.shouldQueryAllStalePartitionStores(StoreQueryIntegrationTest.java:270)}}}}     {{https://github.com/apache/kafka/pull/9835/checks?check_run_id=1666639314}},Not explicitly documented.,"I just saw this fail locally and happened to notice this in the logs:    {code:java}  [2021-01-20 13:03:55,375] ERROR stream-client [app-StoreQueryIntegrationTestshouldQueryAllStalePartitionStores-ba1"
KAFKA-12170,"Connect Cast cannot deal with fields of type ""bytes"" correctly. Cast operation on a field of type bytes to a string returns the default ByteBuffer representation, not the content. For example, a field called ""payload"" of type bytes transformed in this way:  payload:string  Returns the result   ""payload"":\{""string"":""java.nio.HeapByteBuffer[pos=0 lim=4 cap=4]""}  We propose instead to represent the byte array as a hex string  ""payload"":\{""string"":""FFEEDDAABB123F""}","Connect Cast cannot deal with fields of type ""bytes"" correctly.","https://github.com/apache/kafka/pull/9950 | Thanks a lot. I work for Confluent, somewhat familiar to Kafka :) | [~seknop] welcome to Kafka :)  I have assigned this issue to you."
KAFKA-12165,"org.apache.kafka.common.quota classes omitted from Javadoc. The public API classes in `org.apache.kafka.common.quota` should be included in the javadoc, but are currently omitted. E.g. see https://kafka.apache.org/27/javadoc/org/apache/kafka/clients/admin/Admin.html#alterClientQuotas-java.util.Collection-",org.apache.kafka.common.quota classes omitted from Javadoc.,Fixed
KAFKA-12160,"KafkaStreams configs are documented incorrectly. In version 2.3, we removed the KafkaStreams default of `max.poll.interval.ms` and fall-back to the consumer default. However, the docs still contain `Integer.MAX_VALUE` as default.  Because we rely on the consumer default, we should actually remove `max.poll.interval.ms` from the Kafka Streams docs completely. We might want to fix this is some older versions, too. Not sure how far back we want to go.  Furhtermore, in 2.7 docs, the section of ""Default Values"" and ""Parameters controlled by Kafka Streams"" contain incorrect information.  cf https://kafka.apache.org/27/documentation/streams/developer-guide/config-streams.html#default-values   ","we rely on the consumer default, we should actually remove `max.poll.interval.ms` from the Kafka Streams docs completely.",Fixed
KAFKA-12153,"follower can hit OffsetOutOfRangeException during truncation. Currently, we have the following code path.  log.truncateTo() => updateLogEndOffset() => updateHighWatermarkMetadata() => maybeIncrementFirstUnstableOffset() => convertToOffsetMetadataOrThrow() => read()  This path seems problematic. The issue is that updateLogEndOffset() is called before loadProducerState() in log.truncateTo(). At that point, the producerState is not reflecting the truncated state yet and producerStateManager.firstUnstableOffset(called in maybeIncrementFirstUnstableOffset() to feed read()) could return an offset larger than the truncated logEndOffset, which will lead to OffsetOutOfRangeException.     This issue is relatively rare since it requires truncation below the high watermark.",that updateLogEndOffset() is called before loadProducerState() in log.truncateTo().,Fixed
KAFKA-12152,"Idempotent Producer does not reset the sequence number of partitions without in-flight batches. When a `OutOfOrderSequenceException` error is received by an idempotent producer for a partition, the producer bumps its epoch, adjusts the sequence number and the epoch of the in-flight batches of the partitions affected by the `OutOfOrderSequenceException` error. This happens in `TransactionManager#bumpIdempotentProducerEpoch`.  The remaining partitions are treated separately. When the last in-flight batch of a given partition is completed, the sequence number is reset. This happens in `TransactionManager#handleCompletedBatch`.  However, when a given partition does not have in-flight batches when the producer epoch is bumped, its sequence number is not reset. It results in having subsequent producer request to use the new producer epoch with the old sequence number and to be rejected by ",Idempotent Producer does not reset the sequence number of partitions without in-flight batches.,Fixed
KAFKA-10895,"Basic auth extension's JAAS config can be corrupted by other plugins. The Connect [BasicAuthSecurityRestExtension|https://github.com/apache/kafka/blob/trunk/connect/basic-auth-extension/src/main/java/org/apache/kafka/connect/rest/basic/auth/extension/BasicAuthSecurityRestExtension.java]'s doc states that ""An entry with the name {{KafkaConnect}} is expected in the JAAS config file configured in the JVM.""  This is technically accurate, as the [JaasBasicAuthFilter|https://github.com/apache/kafka/blob/afa5423356d3d2a2135a51200573b45d097f6d60/connect/basic-auth-extension/src/main/java/org/apache/kafka/connect/rest/basic/auth/extension/JaasBasicAuthFilter.java#L61-L63] that the extension installs creates a {{LoginContext}} using a [constructor|https://docs.oracle.com/javase/8/docs/api/javax/security/auth/login/LoginContext.html#LoginContext-java.lang.String-javax.","The Connect [BasicAuthSecurityRestExtension| doc states that ""An entry with the name `KafkaConnect` is expected in the JAAS config file configured in the JVM."" This is technically accurate, as the [JaasBasicAuthFilter| that the extension installs creates a `LoginContext` using a [constructor|.","The regression has been fixed and the fix has been applied to the same target branches. No release took place in the meantime | Reopening as the original fix included a small regression. | At the moment, I think that it's fine to cache the earliest-available {{Configuration}} and use that exclusively in the basic auth extension. It seems highly unlikely that a runtime-installed JAAS con"
KAFKA-10894,Null replica nodes included in client quota callback Cluster. I noticed an NPE in the client quota callback `updateClusterMetadata` due to the presence of null nodes inside a `PartitionInfo` instance. Here is the trace: {code} java.lang.NullPointerException 	at org.apache.kafka.common.PartitionInfo.formatNodeIds(PartitionInfo.java:143) 	at org.apache.kafka.common.PartitionInfo.toString(PartitionInfo.java:132) 	at java.base/java.lang.String.valueOf(String.java:3388) 	at java.base/java.lang.StringBuilder.append(StringBuilder.java:167) 	at java.base/java.util.AbstractCollection.toString(AbstractCollection.java:457) 	at java.base/java.util.Collections$UnmodifiableCollection.toString(Collections.java:1042) 	at java.base/java.lang.String.valueOf(String.java:3388) 	at java.base/java.lang.StringBuilder.append(StringBuilder.java:167) 	at org.apache.kafka.comm,the presence of null nodes inside a `PartitionInfo` instance.,Fixed
KAFKA-10870,"Consumer should handle REBALANCE_IN_PROGRESS from JoinGroup. We hit a timeout when persisting group metadata to the __consumer_offsets topic: {code} [2020-12-18 18:06:08,209] DEBUG [GroupMetadataManager brokerId=1] Metadata from group test_group_id with generation 1 failed when appending to log due to org.apache.kafka.common.errors.TimeoutException (kafka.coordinator.group.GroupMetadataManager) [2020-12-18 18:06:08,210] WARN [GroupCoordinator 1]: Failed to persist metadata for group test_group_id: The group is rebalancing, so a rejoin is needed. (kafka.coordinator.group.GroupCoordinator) {code}  This in turn resulted in a REBALANCE_IN_PROGRESS being returned from the JoinGroup:  {code} [2020-12-18 18:06:08,211] INFO Completed request:RequestHeader(apiKey=JOIN_GROUP, apiVersion=7, clientId=consumer-test_group_id-test_group_id-instance-1, correlationI",Consumer should handle REBALANCE_IN_PROGRESS from JoinGroup.,Fixed
KAFKA-10861,Flaky test `TransactionsTest.testFencingOnSendOffsets`. {code} org.scalatest.exceptions.TestFailedException: Got an unexpected exception from a fenced producer. 	at org.scalatest.Assertions.newAssertionFailedException(Assertions.scala:530) 	at org.scalatest.Assertions.newAssertionFailedException$(Assertions.scala:529) 	at org.scalatest.Assertions$.newAssertionFailedException(Assertions.scala:1389) 	at org.scalatest.Assertions.fail(Assertions.scala:1107) 	at org.scalatest.Assertions.fail$(Assertions.scala:1103) 	at org.scalatest.Assertions$.fail(Assertions.scala:1389) 	at kafka.api.TransactionsTest.testFencingOnSendOffsets(TransactionsTest.scala:373) 	at sun.reflect.NativeMethodAccessorImpl.invoke0(Native Method) 	at Caused by: org.apache.kafka.common.errors.InvalidProducerEpochException: Producer attempted to produce with an old epoch (producer,Not explicitly documented.,Fixed
KAFKA-10855,"Non-local return in envelope validation in causes unexpected response send. `KafkaApis.handle` uses the following logic to validate the envelope: ```       request.envelope.foreach { envelope =>         if (maybeHandleInvalidEnvelope(envelope, request.header.apiKey)) {           return         }       } ``` Since this is a non-local return, scala raises an exception, which then causes `handleError` to get invoked, which sends an error response.",Non-local return in envelope validation in causes unexpected response send.,Fixed
KAFKA-10846,"FileStreamSourceTask buffer can grow without bound. When reading a large file the buffer used by {{FileStreamSourceTask}} can grow without bound. Even in the unit test org.apache.kafka.connect.file.FileStreamSourceTaskTest#testBatchSize the buffer grows from 1,024 to 524,288 bytes just reading 10,000 copies of a line of <100 chars.  The problem is that the condition for growing the buffer is incorrect. The buffer is doubled whenever some bytes were read and the used space in the buffer == the buffer length. The requirement to increase the buffer size should be related to whether {{extractLine()}} actually managed to read any lines. It's only when no complete lines were read since the last call to {{read()}} that we need to increase the buffer size (to cope with the large line). ",that the condition for growing the buffer is incorrect.,Fixed
KAFKA-10832,"Recovery logic is using incorrect ProducerStateManager instance when updating producers . The bug is that from within {{Log.updateProducers(…)}}, the code operates on the {{producerStateManager}} attribute of the {{Log}} instance instead of operating on an input parameter. Please see [this|https://github.com/apache/kafka/blob/1d84f543678c4c08800bc3ea18c04a9db8adf7e4/core/src/main/scala/kafka/log/Log.scala#L1464] LOC where it calls {{producerStateManager.prepareUpdate}} thus accessing the attribute from the {{Log}} object (see [this|https://github.com/apache/kafka/blob/1d84f543678c4c08800bc3ea18c04a9db8adf7e4/core/src/main/scala/kafka/log/Log.scala#L251]). This looks unusual particularly for {{Log.loadProducersFromLog(...)}} [path|https://github.com/apache/kafka/blob/1d84f543678c4c08800bc3ea18c04a9db8adf7e4/core/src/main/scala/kafka/log/Log.scala#L956]. Here I believe we should ","that from within `Log.updateProducers(…)`, the code operates on the `producerStateManager` attribute of the `Log` instance instead of operating on an input parameter.",Merged the PR to trunk.
KAFKA-10813,"StreamsProducer should catch InvalidProducerEpoch and throw TaskMigrated in all cases. We fixed the error code handling on producer in https://issues.apache.org/jira/browse/KAFKA-10687, however the newly thrown `InvalidProducerEpoch` exception was not properly handled on Streams side in all cases. We should catch it and rethrow as TaskMigrated to trigger exception, similar to ProducerFenced.",StreamsProducer should catch InvalidProducerEpoch and throw TaskMigrated in all cases.,Fixed
KAFKA-10811,"System exit from MirrorConnectorsIntegrationTest#testReplication. The MirrorConnectorsIntegrationTest::testReplication has been very frequently causing the build to fail with:  {noformat} FAILURE: Build failed with an exception. 13:50:17   13:50:17  * What went wrong: 13:50:17  Execution failed for task ':connect:mirror:integrationTest'. 13:50:17  > Process 'Gradle Test Executor 52' finished with non-zero exit value 1 13:50:17    This problem might be caused by incorrect test process configuration. 13:50:17    Please refer to the test execution section in the User Manual at https://docs.gradle.org/6.7.1/userguide/java_testing.html#sec:test_execution {noformat}  Even running this locally resulted in mostly failures, and specifically the `MirrorConnectorsIntegrationTest::testReplication` test method reliably fails due to the process being exited.  [~ChrisE",System exit from MirrorConnectorsIntegrationTest#testReplication.,"Merged to `trunk`, backported to `2.7` (with agreement from [~bbejeck]) to avoid build failures.   Also backported to `2.6` and `2.5`, though this included a few more lines from the `MirrorConnectorsI"
KAFKA-10803,"Skip improper dynamic configs while initialization and include the rest correct ones. There is [a bug|https://github.com/apache/kafka/blob/trunk/core/src/main/scala/kafka/server/DynamicBrokerConfig.scala#L470] in how incorrect dynamic config keys are removed from the original Properties list, resulting in persisting the improper configs in the properties list.  This eventually results in exception being thrown while parsing the list by [KafkaConfig ctor|https://github.com/apache/kafka/blob/trunk/core/src/main/scala/kafka/server/DynamicBrokerConfig.scala#L531], resulting in skipping of the complete dynamic list (including the correct ones).",Skip improper dynamic configs while initialization and include the rest correct ones.,PR: https://github.com/apache/kafka/pull/9682
KAFKA-10799,AlterIsr path does not update ISR shrink/expand meters. We forgot to update the ISR change metrics when we added support for AlterIsr. These are currently only updated when ISR changes are made through Zk.,update the ISR change metrics when we added support for AlterIsr.,Fixed
KAFKA-10798,"Failed authentication delay doesn't work with some SASL authentication failures. KIP-306 introduced the config `connection.failed.authentication.delay.ms` to delay connection closing on brokers for failed authentication to limit the rate of retried authentications from clients in order to avoid excessive authentication load on brokers from failed clients. We rely on authentication failure response to be delayed in this case to prevent clients from detecting the failure and retrying sooner.  SaslServerAuthenticator delays response for SaslAuthenticationException, but not for SaslException, even though SaslException is also converted into SaslAuthenticationException and processed as an authentication failure by both server and clients. As a result, connection delay is not applied in many scenarios like SCRAM authentication failures.",Failed authentication delay doesn't work with some SASL authentication failures.,Fixed
KAFKA-10793,"Race condition in FindCoordinatorFuture permanently severs connection to group coordinator. Pretty much as soon as we started actively monitoring the _last-rebalance-seconds-ago_ metric in our Kafka Streams test environment, we started seeing something weird. Every so often one of the StreamThreads (ie a single Consumer instance) would appear to permanently fall out of the group, as evidenced by a monotonically increasing _last-rebalance-seconds-ago._ We inject artificial network failures every few hours at most, so the group rebalances quite often. But the one consumer never rejoins, with no other symptoms (besides a slight drop in throughput since the remaining threads had to take over this member's work). We're confident that the problem exists in the client layer, since the logs confirmed that the unhealthy consumer was still calling poll. It was also calling Consumer#committ","But the one consumer never rejoins, with no other symptoms (besides a slight drop in throughput since the remaining threads had to take over this member's work).","cc [~hachikuji] [~ijuma] Hopefully we nailed it this time! :) | So that's our best guess. We should discuss the solution on the PR, but I'll lay out the two possibilities I see here in case anyone has any better ideas.  1) synchronize joinGroupIfNeeded() 2) clear  | [~ableegoldman] I want to check whether the heartbeat Thread will check the status , thanks. "
KAFKA-10792,"Source tasks can block herder thread by hanging during stop. If a source task blocks during its {{stop}} method, the herder thread will also block, which can cause issues with detecting rebalances, reconfiguring connectors, and other vital functions of a Connect worker.  This occurs because the call to {{SourceTask::stop}} occurs on the herder's thread, instead of on the source task's own dedicated thread. This can be fixed by moving the call to {{SourceTask::stop}} onto the source task's dedicated thread and aligning with the current approach for {{Connector}} instances and {{SinkTask}} instances.","the call to `SourceTask::stop` occurs on the herder's thread, instead of on the source task's own dedicated thread.","Thanks for the backport PR for the `2.5` branch, [~ChrisEgerton]. I've merged it to the `2.5` branch for inclusion in the next patch release (2.5.2). | I've opened [https://github.com/apache/kafka/pull/9880] to backport to 2.5. | Backported/merged to the `2.6` branch for inclusion in the next patch release (2.6.2)."
KAFKA-10779,"Reassignment tool sets throttles incorrectly when overriding a reassignment. The logic in `ReassignPartitionsCommand.calculateProposedMoveMap` assumes that adding replicas are not included in the replica set returned from `Metadata` or `ListPartitionReassignments`.  This is evident in the test case `ReassignPartitionsUnitTest.testMoveMap`. Because of this incorrect assumption, the move map is computed incorrectly which can result in the wrong throttles being applied. As far as I can tell, this is only an issue when overriding an existing reassignment. ","of this incorrect assumption, the move map is computed incorrectly which can result in the wrong throttles being applied.",Fixed
KAFKA-10778,"Stronger log fencing after write failure. If a log append operation fails with an IO error, the broker attempts to fail the log dir that it resides in. Currently this is done asynchronously, which means there is no guarantee that additional appends won't be attempted before the log is fenced. This can be a problem for EOS because of the need to maintain consistent producer state.  1. Iterate through batches to build producer state and collect completed transactions 2. Append the batches to the log  3. Update the offset/timestamp indexes 4. Update log end offset 5. Apply individual producer state to `ProducerStateManager` 6. Update the transaction index 7. Update completed transactions and advance LSO  One example of how this process can go wrong is if the index updates in step 3 fail. In this case, the log will contain updated pro",of the need to maintain consistent producer state. 1.,Fixed
KAFKA-10776,"JMX metric RequestsPerSec requires API version to access. JMX metric for ""kafka.network:type=RequestMetrics,name=RequestsPerSec,request=Produce"" seems to require the API version by adding ""version=8"" at the end of JMX metric name. {noformat} badai@Badai-Aqrandista-MBP15 % bin/kafka-run-class kafka.tools.JmxTool --jmx-url service:jmx:rmi:///jndi/rmi://127.0.0.1:9999/jmxrmi -object-name kafka.network:type=RequestMetrics,name=RequestsPerSec,request=Produce           Trying to connect to JMX url: service:jmx:rmi:///jndi/rmi://127.0.0.1:9999/jmxrmi. No matched attributes for the queried objects ArrayBuffer(kafka.network:type=RequestMetrics,name=RequestsPerSec,request=Produce). {noformat}   {noformat} badai@Badai-Aqrandista-MBP15 % bin/kafka-run-class kafka.tools.JmxTool --jmx-url service:jmx:rmi:///jndi/rmi://127.0.0.1:9999/jmxrmi -object-name kafka.n",JMX metric RequestsPerSec requires API version to access.,"Ok. Thanks for pointing that out Ismael. | [~ijuma], you're right! This is actually a documentation miss, the version attribute is required to match the Kafka version. Thanks. | See https://cwiki.apache.org/confluence/display/KAFKA/KIP-272%3A+Add+API+version+tag+to+broker%27s+RequestsPerSec+metric"
KAFKA-10763,"Task already exists error on same worker due to skip removal of tasks. In our production environment, upon start two KafkaConnect workers, during the first couple of minutes, the leader bounces between worker1 and worker2. And a lot of tasks throw Task already exists in this worker exception on worker2.  The sequence of events:  worker2(hostname:sinkdp2)  gen3 assign  Start task 1  gen4 assign task 1  gen5 assign task 1  gen6 skip stopping task 1 and removal due to rebalance unresolved  revoke  gen7 assign task 1  Start task 1(Task already exists eror)     Worker1(hostname: sinkdp1) {code:java} 03:36:07,340 [INFO ] [Worker clientId=connect-1, groupId=group_connect_sink_dp] Rebalance started   [DistributedHerder-connect-1][WorkerCoordinator.java:233] 03:36:10,460 [INFO ] [Worker clientId=connect-1, groupId=group_connect_sink_dp] Joined group at generation 1 wi","rebalance unresolved revoke gen7 assign task 1 Start task 1(Task already exists eror) Worker1(hostname: sinkdp1) 03:36:07,340 [INFO ] [Worker clientId=connect-1, groupId=group_connect_sink_dp] Rebalance started [DistributedHerder-connect-1][WorkerCoordinator.java:233] 03:36:10,460 [INFO ] [Worker clientId=connect-1, groupId=group_connect_sink_dp] Joined group at generation 1 wi.",Fixed
KAFKA-10758,"Kafka Streams consuming from a pattern goes to PENDING_SHUTDOWN when adding a new topic. I have a simple Kafka Stream app that consumes from multiple input topics using the _stream_ function that accepts a Pattern ([link|https://kafka.apache.org/26/javadoc/org/apache/kafka/streams/StreamsBuilder.html#stream-java.util.regex.Pattern-]).   Whenever I add a new topic that matches the pattern the kafka stream state goes to REBALANCING -> ERROR -> PENDING_SHUTDOWN . If I restart the app it correctly starts reading again without problems. It is by design? Should I handle this and simply restart the app?   Kafka Stream version is 2.6.0. The error is the following: {code:java} ERROR o.a.k.s.p.i.ProcessorTopology - Set of source nodes do not match: sourceNodesByName = [KSTREAM-SOURCE-0000000003, KSTREAM-SOURCE-0000000002] sourceTopicsByName = [KSTREAM-SOURCE-0000000000, KSTREAM-SOURCE-0","Adding a new topic that matches a regex source changes the source-node/topic mapping, leaving the topology with mismatched source nodes and causing the stream to enter an error/shutdown state.","[~ableegoldman] Thank you very much! | Hey [~davideicardi], thanks for submitting this ticket. Looks like there's a bug in the topic update logic. I've opened a PR which we should be able to get into the 2.6.1 and 2.7.0 releases.  Just to  | Also, to be more precise, the error doesn't happen exactly when I add the topic. But I think it happens when the app try to refresh the topics information. I think every 5 mins by default. Right?"
KAFKA-10757,KAFKA-10755 brings a compile error . The `new TaskManager` has 10 params but StreamThreadTest call a `new StreamThreadTest` with 9 params.,KAFKA-10755 brings a compile error.,Fixed
KAFKA-10755,"Should consider commit latency when computing next commit timestamp. In 2.6, we reworked the main processing/commit loop in `StreamThread` and introduced a regression, by _not_ updating the current time after committing. This implies that we compute the next commit timestamp too low (ie, too early).  For small commit intervals and high commit latency (like in EOS), this big may lead to an increased commit frequency and fewer processed records between two commits, and thus to reduced throughput.  For example, assume that the commit interval is 100ms and the commit latency is 50ms, and we start the commit at timestamp 10000. The commit finishes at 10050, and the next commit should happen at 10150. However, if we don't update the current timestamp, we incorrectly compute the next commit time as 10100, ie, 50ms too early, and we have only 50ms to process data i","In 2.6, we reworked the main processing/commit loop in `StreamThread` and introduced a regression, by _not_ updating the current time after committing.","After reconsideration, I think we should get this into 2.7.0 release, too. \cc [~bbejeck] | Cherry-picked to `2.6` branch, but don't set fix version `2.6.1` yet, as we don't know if there will be a new RC that will contain the fix. \cc [~mimaison]  This must be cherry-picked to `2.7` after t"
KAFKA-10727,"Kafka clients throw AuthenticationException during Kerberos re-login. During Kerberos re-login, we log out and login again. There is a timing issue where the principal in the Subject has been cleared, but a new one hasn't been populated yet. We need to ensure that we don't throw AuthenticationException in this case to avoid Kafka clients (consumer/producer etc.) failing instead of retrying.",Kafka clients throw AuthenticationException during Kerberos re-login.,Fixed
KAFKA-10723,"LogManager leaks internal thread pool activity during shutdown. *TL;DR:*  The asynchronous shutdown in {{LogManager}} has the shortcoming that if during shutdown any of the internal futures fail, then we do not always ensure that all futures are completed before {{LogManager.shutdown}} returns. As a result, despite the shut down completed message from KafkaServer is seen in the error logs, some futures continue to run from inside LogManager attempting to close the logs. This is misleading and it could possibly break the general rule of avoiding post-shutdown activity in the Broker.  *Description:*  When LogManager is shutting down, exceptions in log closure are handled [here|https://github.com/apache/kafka/blob/trunk/core/src/main/scala/kafka/log/LogManager.scala#L497-L501]. However, this [line|https://github.com/apache/kafka/blob/trunk/core/src/main/s","LogManager leaks internal thread pool activity during shutdown. *TL;DR:* The asynchronous shutdown in `LogManager` has the shortcoming that if during shutdown any of the internal futures fail, then we do not always ensure that all futures are completed before `LogManager.shutdown` returns.",merged to trunk
KAFKA-10722,"Timestamped store is used even if not desired. I have a stream which I then group and aggregate (this results in a KTable). When aggregating, I explicitly tell to materialize the result table using a usual (not timestamped) store.  After that, the KTable is filtered and streamed. This stream is processed by a processor that accesses the store.  The problem/bug is that even if I tell to use a non-timestamped store, a timestamped one is used, which leads to a ClassCastException in the processor (it iterates over the store and expects the items to be of type ""KeyValue"" but they are of type ""ValueAndTimestamp"").  Here is the code (schematically).  First, I define the topology: {code:java} KTable table = ...aggregate(   initializer, // initializer for the KTable row   aggregator, // aggregator   Materialized.as(Stores.persistentKeyValueStor","that even if I tell to use a non-timestamped store, a timestamped one is used, which leads to a ClassCastException in the processor (it iterates over the store and expects the items to be of type ""KeyValue"" but they are of type ""ValueAndTimestamp"").","Added you to the list of contributors and assigned the ticket to you. You can now also self-assign tickets.  Thanks for reporting the issue and for helping to improve the JavaDocs. | I've created [https://github.com/apache/kafka/pull/9606] and [https://github.com/apache/kafka/pull/9607]. | {quote}I'm fully satisfied now  {quote} Glad to hear :)  About the docs: I would not put it into the ""core concepts"" sections, as this section talks about state stores only in a more abstract/conceptu"
KAFKA-10716,"Streams processId is unstable across restarts resulting in task mass migration. The new high availability feature of KIP-441 relies on deterministic assignment to produce an eventually-stable assignment. The HighAvailabilityTaskAssignor assigns tasks based on the unique processId assigned to each client, so if the same set of Kafka Streams applications participate in a rebalance it should generate the same task assignment every time.  Unfortunately the processIds aren't stable across restarts. We generate a random UUID in the KafkaStreams constructor, so each time the process starts up it would be assigned a completely different processId. Unless this new processId happens to be in exactly the same order as the previous one, a single bounce or crash/restart can result in a large scale shuffling of tasks based on a completely different eventual assignment.  Ultimately ",Streams processId is unstable across restarts resulting in task mass migration.,"There are a few possible ways forward here:  1) generate the processId from the client.id config, if specified. This requires users to set this config and ensure that it's unique to the instance 2) ge"
KAFKA-10710,"MirrorMaker 2 creates all combinations of herders. We are using MM2 distributed to synchronize topics from a ""Central"" broker down to multiple ""Local"" brokers.  {quote}replica_CENTRAL->replica_OLS.enabled = true  replica_CENTRAL->replica_OLS.topics = _schemas  replica_CENTRAL->replica_OLS.replication.factor = 3  replica_CENTRAL->replica_HBG.enabled = true  replica_CENTRAL->replica_HBG.topics = _schemas  replica_CENTRAL->replica_HBG.replication.factor = 3  ...  many more  ...  replica_CENTRAL->replica_VIT.enabled = true  replica_CENTRAL->replica_VIT.topics = _schemas  replica_CENTRAL->replica_VIT.replication.factor = 3  replica_CENTRAL->replica_UGO.enabled = true  replica_CENTRAL->replica_UGO.topics = _schemas  replica_CENTRAL->replica_UGO.replication.factor = 3 {quote}    When looking into the Mirror Maker logs, we discover that a herder i",MirrorMaker 2 creates all combinations of herders.,"Results with fix provided in PR: {code:java} [2020-11-13 15:53:53,935] INFO creating herder for replica_CENTRAL->replica_ZAR (org.apache.kafka.connect.mirror.MirrorMaker)  [2020-11-13 15:53:58,597] IN"
KAFKA-10706,"Liveness bug in truncation protocol can lead to indefinite URP. We hit an interesting liveness condition in the truncation protocol. Broker A was leader in epoch 7, broker B was leader in epoch 8, and then broker A was leader in epoch 9 again.  On broker A, we had the following state in the epoch cache: {code} epoch 4, start offset 3953 epoch 7, start offset 3983 epoch 9, start offset 3988 {code}  On broker B, we had the following: {code} epoch 4, start offset 3953 epoch 8, start offset 3983 {code}  After A was elected, broker B sent epoch 8 in OffsetsForLeaderEpoch. Broker A correctly responded with epoch 7 ending at offset 3988. The end offset on broker B was in fact 3983, so this truncation had no effect. Broker B then retried with epoch 8 again and replication was stuck.   When a replica becomes leader, it first inserts an entry into the epoch cach",Liveness bug in truncation protocol can lead to indefinite URP.,Fixed
KAFKA-10705,Avoid World Readable RocksDB. The state directory could be protected more restrictive by preventing access to state directory for group and others. At least other should have no readable access,The state directory could be protected more restrictive by preventing access to state directory for group and others.,Fixed
KAFKA-10701,"First line of detailed stats from consumer-perf-test.sh incorrect. When running the console perf test with {{--show-detailed-stats}}, the first line out of output has incorrect results  {code} $ ./bin/kafka-consumer-perf-test.sh --bootstrap-server localhost:9092 --topic test --messages 10000000 --reporting-interval 1000 --show-detailed-stats time, threadId, data.consumed.in.MB, MB.sec, data.consumed.in.nMsg, nMsg.sec, rebalance.time.ms, fetch.time.ms, fetch.MB.sec, fetch.nMsg.sec 2020-11-06 11:57:01:420, 0, 275.3878, 275.3878, 288765, 288765.0000, 1604681820723, -1604681819723, 0.0000, 0.0000 2020-11-06 11:57:02:420, 0, 952.1456, 676.7578, 998397, 709632.0000, 0, 1000, 676.7578, 709632.0000 2020-11-06 11:57:03:420, 0, 1654.2940, 702.1484, 1734653, 736256.0000, 0, 1000, 702.1484, 736256.0000 2020-11-06 11:57:04:420, 0, 2492.1389, 837.8448, 2613197, 878544.",First line of detailed stats from consumer-perf-test.sh incorrect.,"PR is merged to the trunk , marking the issue resolved | It maybe totally the case that I'm missing something , but how come the issue is still Open, when the above PR has been merged to trunk ? Cheers. | Opened below pr for the fix  https://github.com/apache/kafka/pull/9598"
KAFKA-10693,Tests instantiate QuotaManagers without closing the managers in teardown. ,Not explicitly documented.,Fixed
KAFKA-10689,"Assignor can't determine number of partitions on FJK with upstream windowed repartition. Due to a minor logical gap in how windowed repartition sink nodes are written to the topology, they are never added to the official map of sink topics tracked by the InternalTopologyBuilder. This makes it impossible to determine the number of partitions of downstream repartition topics in StreamsPartitionAssignor#setRepartitionTopicMetadataNumberOfPartitions, causing the assignor to loop infinitely in this method.    ","a minor logical gap in how windowed repartition sink nodes are written to the topology, they are never added to the official map of sink topics tracked by the InternalTopologyBuilder.","It's a pretty obnoxious bug, since the application stays stuck in REBALANCING while StreamThreads slowly drop out of the group one-by-one as the current group leader gets stuck and a new rebalance has"
KAFKA-10687,"Produce request should be bumped for new error code PRODUCE_FENCED. In https://issues.apache.org/jira/browse/KAFKA-9911, we missed a case where the ProduceRequest needs to be bumped to return the new error code PRODUCE_FENCED. This gap needs to be addressed as a blocker since it is shipping in 2.7.",Produce request should be bumped for new error code PRODUCE_FENCED.,Fixed for 2.7 via https://github.com/apache/kafka/pull/9613
KAFKA-10685,"--to-datetime passed to kafka-consumer-groups interpreting microseconds wrong. If you pass more than 3 decimal places for the fractional seconds of the datetime, the microseconds get interpreted as milliseconds.  {{kafka-consumer-groups --bootstrap-server kafka:9092 }} {{--reset-offsets }} {{--group webserver-avro }} {{--topic driver-positions-avro }} {{ {{--to-datetime ""}}{{2020-11-05T00:46:48.002237400}}"" }} {{ {{--dry-run}}}}  Relevant code [here|https://github.com/apache/kafka/blob/2.7/clients/src/main/java/org/apache/kafka/common/utils/Utils.java#L1304]. The datetime is being turned into Nov 5, 2020 1:24:05.400 because SimpleDateFormat is adding 2237400 milliseconds to Nov 5, 2020 00:46:48.  Experimenting with getDateTime:  * getDateTime(""2020-11-05T00:46:48.000"") -> 1604537208000  * getDateTime(""2020-11-05T00:46:48.000+0800"") -> 1604508408000 - correct the form","SimpleDateFormat is adding 2237400 milliseconds to Nov 5, 2020 00:46:48.","Thanks for the suggestion. It turns out that the *SimpleDateFormat.setLenient(false)* can also strictly parse the timestamp and throw parseException if milliseconds is more than 3 digits. Thanks. | This issue seems to occur with Java 11, but not with Java 8. Code currently uses {{SimpleDateFormat}}. {{DateTimeFormatter}} behaved consistently across Java 8 and 11 (throwing a parse exception if mi"
KAFKA-10682,"Windows Kafka cluster not reachable via Azure data Bricks. We have windows Kafka cluster,  * We enabled inbound and outbound for port 9092/9093  * Topic return results on local windows cmd used  ** ./kafka-console-consumer.bat --topic SIP.SIP.SHIPMENT --from-beginning --bootstrap-server 10.53.56.140:9092  * We trying to consume the topic from Azure data bricks  ** Simple ping and telnet works fine and connects to underlying server   *** %sh telnet 10.53.56.140 9092  *** %sh ping 10.53.56.140  ** df = spark \  .readStream \  .format(""kafka"") \  .option(""kafka.bootstrap.servers"", ""10.53.56.140:9092"") \  .option(""subscribe"", ""SIP.SIP.SHIPMENT"") \  .option(""minPartitions"", ""10"") \  .option(""startingOffsets"", ""earliest"") \  .load()  #df.isStreaming() # Returns True for DataFrames that have streaming sources  df.printSchema()  *   ** Display(df)  On usi",Windows Kafka cluster not reachable via Azure data Bricks.,kafka\config  Add   listeners = PLAINTEXT://10.53.56.140:9092 | uncommented below command  in server-properties located at kafka\config; Issue got resolved  listeners = PLAINTEXT://10.53.56.140:9092
KAFKA-10679,"AK site docs changes need to get ported to Kafka/docs. During the update of the Apache Kafka website, changes made to the kafka-site repo were not made to the kafka/docs directory.  All the changes made need to get migrated to kafka/docs to keep the website in sync. ",AK site docs changes need to get ported to Kafka/docs.,Resolved via [https://github.com/apache/kafka/pull/9551]  and https://github.com/apache/kafka/pull/9554
KAFKA-10678,"Re-deploying Streams app causes rebalance and task migration. Re-deploying our Streams app causes a rebalance, even when using static group membership. Worse, the rebalance creates standby tasks, even when the previous task assignment was balanced and stable.  Our app is currently using Streams 2.6.1-SNAPSHOT (due to [KAFKA-10633]) but we saw the same behavior in 2.6.0. The app runs on 4 EC2 instances, each with 4 streams threads, and data stored on persistent EBS volumes.. During a redeploy, all EC2 instances are stopped, new instances are launched, and the EBS volumes are attached to the new instances. We do not use interactive queries. {{session.timeout.ms}} is set to 30 minutes, and the deployment finishes well under that. {{num.standby.replicas}} is 0.  h2. Expected Behavior Given a stable and balanced task assignment prior to deploying, we expe",[KAFKA-10633]) but we saw the same behavior in 2.6.0.,"Resolved via [https://github.com/apache/kafka/pull/9978]  [~thebearmayor] this should be fixed in the upcoming 2.8.0 release and 2.6.2 releases which are currently in progress (and in 2.7.1 but I'm no | Yeah, it seems like anytime a member is restarted and the randomly generated UUID places it in a different order relative to all the other clients, you can get this task migration. I filed KAFKA-10716 | Sophie, thank you again for your thorough answers. Our logs are busy, but I was able to find the line you described, ""Requested to schedule immediate rebalance to update group with new host endpoint ="
KAFKA-10671,partition.assignment.strategy documentation does not include all options. The current documentation for partition.assignment.strategy does not mention the following options:  org.apache.kafka.clients.consumer.StickyAssignor or org.apache.kafka.clients.consumer.CooperativeStickyAssignor,partition.assignment.strategy documentation does not include all options.,Fixed
KAFKA-10665,Flaky Test StreamTableJoinTopologyOptimizationIntegrationTest.shouldDoStreamTableJoinWithDifferentNumberOfPartitions[Optimization = all]. {code:java} java.nio.file.DirectoryNotEmptyException: /tmp/kafka-13241964730537515637/app-StreamTableJoinTopologyOptimizationIntegrationTestshouldDoStreamTableJoinWithDifferentNumberOfPartitions_Optimization___all_ 	at java.base/sun.nio.fs.UnixFileSystemProvider.implDelete(UnixFileSystemProvider.java:246) 	at java.base/sun.nio.fs.AbstractFileSystemProvider.delete(AbstractFileSystemProvider.java:105) 	at java.base/java.nio.file.Files.delete(Files.java:1146) 	at org.apache.kafka.common.utils.Utils$2.postVisitDirectory(Utils.java:869) 	at org.apache.kafka.common.utils.Utils$2.postVisitDirectory(Utils.java:839) 	at java.base/java.nio.file.Files.walkFileTree(Files.java:2822) 	at java.base/java.nio.file.Files.walkFileTree(Files.java:2876) 	at org.apache.kafka.common.utils.Utils.delete(Utils.java,Not explicitly documented.,org.apache.kafka.streams.integration.StreamTableJoinTopologyOptimizationIntegrationTest.shouldDoStreamTableJoinWithDifferentNumberOfPartitions[Optimization = all] Failing for the past 1 build (Since [ | org.apache.kafka.streams.integration.StreamTableJoinTopologyOptimizationIntegrationTest.shouldDoStreamTableJoinWithDifferentNumberOfPartitions[Optimization = none] Failing for the past 1 build (Since  | Failure while building 2.6.1: https://ci-builds.apache.org/job/Kafka/job/kafka-2.6-jdk8/50/testReport/junit/org.apache.kafka.streams.integration/StreamTableJoinTopologyOptimizationIntegrationTest/shou
KAFKA-10664,"Streams fails to overwrite corrupted offsets leading to infinite OffsetOutOfRangeException loop. In KAFKA-10391 we fixed an issue where Streams could get stuck in an infinite loop of  OffsetOutOfRangeException/TaskCorruptedException due to re-initializing the corrupted offsets from the checkpoint after each revival. The fix we applied was to remove the corrupted offsets from the state manager and then force it to write a new checkpoint file without those offsets during revival.  Unfortunately we missed that there's an optimization in OffsetCheckpoint#write to just return without writing anything when there's no offsets. So if a task doesn't have any offsets that _aren't_ corrupted, it will skip overwriting the corrupted checkpoint.  Probably we should just fix the optimization in OffsetCheckpoint so that it deletes the current checkpoint in the case there are no offsets to write",re-initializing the corrupted offsets from the checkpoint after each revival.,Fixed
KAFKA-10658,"ErrantRecordReporter.report always return completed future even though the record is not sent to DLQ topic yet . This issue happens when both DLQ and error log are enabled. There is a incorrect filter in handling multiple reports and it results in the uncompleted future is filtered out. Hence, users always receive a completed future even though the record is still in producer buffer.","Hence, users always receive a completed future even though the record is still in producer buffer.",Fixed
KAFKA-10656,"NetworkClient.java: print out the feature flags received at DEBUG level, as well as the other version information. ","NetworkClient.java: print out the feature flags received at DEBUG level, as well as the other version information.","[~cmccabe] I opened a PR for this, please could you take a look?"
KAFKA-10651,"Assignor reports offsets from uninitialized task. In KIP-441, the new HA assignor makes an informed decision about stateful task placement based on the offset sums reported by each instance. Offset sums are computed one of two ways: for assigned tasks (ie those in the TaskManager's ""tasks"" map), it will just sum up the tasks' changelog offsets directly. For tasks that are not assigned but whose directory remains on disk, it reads the changelog offsets from the checkpoint file. This is encoded with the subscription userdata sent during the JoinGroup phase of a rebalance.  The problem here is that it's possible for the instance to rejoin the group after having been assigned a new task, but before that task is initialized. In this case it would not compute the offset sum from the checkpoint file but instead from the uninitialized task, causi",Assignor reports offsets from uninitialized task.,Fixed
KAFKA-10647,Only serialize owned partition when consumer protocol version >= 0 . A regression got introduced by https://github.com/apache/kafka/pull/8897. The owned partition field must be ignored for version < 1 otherwise the serialization fails with an unsupported version exception.,Only serialize owned partition when consumer protocol version >= 0.,Fixed
KAFKA-10638,"QueryableStateIntegrationTest fails due to stricter store checking. Observed: {code:java} org.apache.kafka.streams.errors.InvalidStateStoreException: Cannot get state store source-table because the stream thread is PARTITIONS_ASSIGNED, not RUNNING 	at org.apache.kafka.streams.state.internals.StreamThreadStateStoreProvider.stores(StreamThreadStateStoreProvider.java:81) 	at org.apache.kafka.streams.state.internals.WrappingStoreProvider.stores(WrappingStoreProvider.java:50) 	at org.apache.kafka.streams.state.internals.CompositeReadOnlyKeyValueStore.get(CompositeReadOnlyKeyValueStore.java:52) 	at org.apache.kafka.streams.integration.StoreQueryIntegrationTest.shouldQuerySpecificActivePartitionStores(StoreQueryIntegrationTest.java:200) 	at sun.reflect.NativeMethodAccessorImpl.invoke0(Native Method) 	at sun.reflect.NativeMethodAccessorImpl.invoke(NativeMethodAcce","The queryable-state test attempts to access a store while the stream thread is only in `PARTITIONS_ASSIGNED`, but the stricter store-state validation now requires `RUNNING`.","Thanks, [~bbejeck] , I agree. When I filed this ticket, I mistakenly thought the test would fail every time. | Hey [~vvcephei] I appreciate you wanting to get a fix in for the test, but I'm not sure it meets the criteria for a blocker.  Going back over the previous [2.7 builds|https://ci-builds.apache.org/blue | Hey [~bbejeck] , I've marked this as a 2.7.0 blocker. It's a regression (due to KAFKA-10598), but fortunately, only a regression in the store query test. Still, we should get the fix in."
KAFKA-10633,"Constant probing rebalances in Streams 2.6. We are seeing a few issues with the new rebalancing behavior in Streams 2.6. This ticket is for constant probing rebalances on one StreamThread, but I'll mention the other issues, as they may be related.  First, when we redeploy the application we see tasks being moved, even though the task assignment was stable before redeploying. We would expect to see tasks assigned back to the same instances and no movement. The application is in EC2, with persistent EBS volumes, and we use static group membership to avoid rebalancing. To redeploy the app we terminate all EC2 instances. The new instances will reattach the EBS volumes and use the same group member id.  After redeploying, we sometimes see the group leader go into a tight probing rebalance loop. This doesn't happen immediately, it could b",Constant probing rebalances in Streams 2.6.,Closing this ticket as the issue is fixed in 2.6.1. I've opened [KAFKA-10678] for our other problem with unexpected rebalancing. | thanks [~cadonna] [~thebearmayor] | [~thebearmayor] [~eran-levy] FYI: The 2.6.1 release is currently ongoing. Here the plan:   [https://cwiki.apache.org/confluence/display/KAFKA/Release+Plan+2.6.1]  It is planned to be released this mon
KAFKA-10631,ProducerFencedException is not Handled on Offest Commit. The transaction manager does currently not handle producer fenced errors returned from a offset commit request.  We found this bug because we encountered the following exception in our soak cluster: {code:java} org.apache.kafka.streams.errors.StreamsException: Error encountered trying to commit a transaction [stream-thread [i-037c09b3c48522d8d-StreamThread-3] task [0_0]]         at org.apache.kafka.streams.processor.internals.StreamsProducer.commitTransaction(StreamsProducer.java:256)         at org.apache.kafka.streams.processor.internals.TaskManager.commitOffsetsOrTransaction(TaskManager.java:1050)         at org.apache.kafka.streams.processor.internals.TaskManager.commit(TaskManager.java:1013)         at org.apache.kafka.streams.processor.internals.StreamThread.maybeCommit(StreamThread.,ProducerFencedException is not Handled on Offest Commit.,Fixed
KAFKA-10616,"StreamThread killed by ""IllegalStateException: The processor is already closed"". Application is hitting ""java.lang.IllegalStateException: The processor is already closed"". Over the course of about a day, this exception killed 21/100 of the queries (StreamThreads). The (slightly trimmed) stacktrace:    {code:java} java.lang.RuntimeException: Caught an exception while closing caching window store for store Aggregate-Aggregate-Materialize at org.apache.kafka.streams.state.internals.ExceptionUtils.throwSuppressed(ExceptionUtils.java:39) at org.apache.kafka.streams.state.internals.CachingWindowStore.close(CachingWindowStore.java:432) at org.apache.kafka.streams.processor.internals.ProcessorStateManager.close(ProcessorStateManager.java:527) at org.apache.kafka.streams.processor.internals.StreamTask.closeDirty(StreamTask.java:499) at org.apache.kafka.streams.processor.interna",I think this is a long lurking bug caused by.,"I think this is a long lurking bug caused by https://github.com/apache/kafka/pull/9083.  Generally speaking, before we close the topology we should always try to flush the state store manager (we actu | Alright thanks [~ableegoldman], Let me know if we would need a separate PR for this.. We might need another issue to be create for that? | By the way, we should actually fix this in 2.6 as well. There's no IllegalStateException killing the thread in that branch, but the underlying issue is still there: flushing records downstream to clos"
KAFKA-10614,"Group coordinator onElection/onResignation should guard against leader epoch. When there are a sequence of LeaderAndISR or StopReplica requests sent from different controllers causing the group coordinator to elect / resign, we may re-order the events due to race condition. For example:  1) First LeaderAndISR request received from old controller to resign as the group coordinator. 2) Second LeaderAndISR request received from new controller to elect as the group coordinator. 3) Although threads handling the 1/2) requests are synchronized on the replica manager, their callback {{onLeadershipChange}} would trigger {{onElection/onResignation}} which would schedule the loading / unloading on background threads, and are not synchronized. 4) As a result, the {{onElection}} maybe triggered by the thread first, and then {{onResignation}}. As a result, the coordinator would n","When there are a sequence of LeaderAndISR or StopReplica requests sent from different controllers causing the group coordinator to elect / resign, we may re-order the events due to race condition.","[~guozhang] [~hachikuji] any thoughts about the PR I opened for this? | FYI: This bug makes system test {{StreamsBrokerBounceTest.test_broker_type_bounce}} fail once in a while when the group coordinator (i.e., leader of partition 2 of the {{__consumer_offset}} topic) is "
KAFKA-10613,"Broker should not set leader epoch if the list-offset request version < 4. The list-offset response added a new field in version 4:  {code}         { ""name"": ""LeaderEpoch"", ""type"": ""int32"", ""versions"": ""4+"" } {code}  And the compiled code would throw UnsupportedVersionException if that field is not default (-1) with version < 4. However, on the broker side we forget to add the logic to not setting this field based on the request version. This would cause old versioned clients' list-offset call to always get UnsupportedVersionException and an empty result would be returned. ",This would cause old versioned clients' list-offset call to always get UnsupportedVersionException and an empty result would be returned.,When we introduce the new version 4 in list-offsets in https://cwiki.apache.org/confluence/display/KAFKA/KIP-320%3A+Allow+fetchers+to+detect+and+handle+log+truncation#KIP320:Allowfetcherstodetectandha | When did we regress here?
KAFKA-10606,"Auto create non-existent topics when fetching metadata for all topics. The ""allow auto topic creation"" flag is hardcoded to be true for the fetch-all-topic metadata request:  https://github.com/apache/kafka/blob/trunk/clients/src/main/java/org/apache/kafka/common/requests/MetadataRequest.java#L37  In the below code, annotation claims that ""*This never causes auto-creation*"". It it NOT true and auto topic creation still gets triggered under some circumstances. So, this is a bug that needs to be fixed.  https://github.com/apache/kafka/blob/trunk/clients/src/main/java/org/apache/kafka/common/requests/MetadataRequest.java#L68   For example, the bug could be manifested in the below situation:  A topic T is being deleted and a request to fetch metadata for all topics gets sent to one broker. The broker reads names of all topics from its metadata cache (shown below)","The ""allow auto topic creation"" flag is hardcoded to be true for the fetch-all-topic metadata request: In the below code, annotation claims that ""*This never causes auto-creation*"".","Hi [~tombentley] [~ijuma] I just created a PR. Let me know if you have any feedback or suggestions. Thanks!  https://github.com/apache/kafka/pull/9435 | Hi [~tombentley]. Thanks for your comment. I will open a PR with the same change in https://github.com/linkedin/kafka/pull/94/commits/95ad9add181db980914a13a6ffe1a88cd5636a6d  Thanks for your comment  | [~andrewlincong@gmail.com] agreed that a broker-side fix is necessary. Are you going to open a PR for Apache Kafka too? I'd assigned this to myself, since you didn't assign it to yourself, but if you'"
KAFKA-10604,"The StreamsConfig.STATE_DIR_CONFIG's default value does not reflect the JVM parameter or OS-specific settings. I found this problem working for [KAFKA-10585|https://issues.apache.org/jira/browse/KAFKA-10585].  The JVM's temporary directory location is different per OS, and JVM allows to change it with `java.io.tmpdir` system property. In Linux, it defaults to `/tmp`.  The problem is the default value of StreamsConfig.STATE_DIR_CONFIG (`state.dir`) is fixed to `/tmp/kafka-streams`. For this reason, it does not change if the runs on OS other than Linux or the user specifies `java.io.tmpdir` system property.  It should be `\{temp-directory}/kafka-streams`, not `/tmp/kafka-streams`.",the default value of StreamsConfig.STATE_DIR_CONFIG (`state.dir`) is fixed to `/tmp/kafka-streams`.,Thanks for reporting the issue and the PR! | ALL // Great. Let's continue the discussion on the PR! :D | Thanks. Good to see that we are in agreement. Will review the PR soon. Thanks for the ticket and PR [~dongjin]!
KAFKA-10602,"DLQ Reporter throws NPE when reporting from different thread. If a connector uses separate threads to report errant records using the ErrantRecordReporter from KIP-610, it  can sometimes hit this race condition and throw an NPE when reporting both serialization errors from a converter and errors from a connector on separate thread because both use the same [RetryWithToleranceOperator|https://github.com/apache/kafka/blob/24290de82821d16f7d163d086f5cfa88cec2b976/connect/runtime/src/main/java/org/apache/kafka/connect/runtime/errors/RetryWithToleranceOperator.java#L92-L94] in the [reporters|https://github.com/apache/kafka/blob/trunk/connect/runtime/src/main/java/org/apache/kafka/connect/runtime/Worker.java#L635], which results in the NPE because the error can get reset to `null`.   The `WorkerErrantRecordReporter::report` needs to be made threadsafe othe",both use the same [RetryWithToleranceOperator| in the [reporters| which results in the NPE because the error can get reset to `null`.,Fixed
KAFKA-10600,"Connect adds error to property in validation result if connector does not define the property. Kafka Connect's {{AbstractHerder.generateResult(...)}} method is responsible for taking the result of a {{Connector.validate(...)}} call and constructing the {{ConfigInfos}} object that is then mapped to the JSON representation.  As this method (see [code|https://github.com/apache/kafka/blob/1f8ac6e6fee3aa404fc1a4c01ac2e0c48429a306/connect/runtime/src/main/java/org/apache/kafka/connect/runtime/AbstractHerder.java#L504-L507]) iterates over the {{ConfigKey}} objects in the connector's {{ConfigDef}} and the {{ConfigValue}} objects returned by the {{Connector.validate(...)}} method, this method adds an error message to any {{ConfigValue}} whose {{configValue.name()}} does not correspond to a {{ConfigKey}} in the connector's {{ConfigDef}}.   {code}             if (!configKeys.containsKey(config",Connect adds error to property in validation result if connector does not define the property.,"Connect should not always add an error to configuration values in validation results that don't have a `ConfigKey` defined in the connector's `ConfigDef`, and any errors on such configuration values i | See PR https://github.com/apache/kafka/pull/9425"
KAFKA-10598,"KafkaStreams reports inappropriate error message for IQ. Presently, KafkaStreams#store , or calling methods on the returned store, will throw an InvalidStateStoreException if the store name or type is wrong. However, the message in the exception is ""The state store may have migrated to another instance"", which is incorrect.","However, the message in the exception is ""The state store may have migrated to another instance"", which is incorrect.",Fixed
KAFKA-10597,Still dealing issue with KAFKA-9066. I upgraded the Kafka cluster to 2.6.0. The version that seems to the is #KAFKA-9066 not resolved yet. beside the *UNASGINED* connectors and tasks has the same issue,Still dealing issue with KAFKA-9066.,Fixed
KAFKA-10574,"Infinite loop in SimpleHeaderConverter and Values classes. A header value with the byte sequence {{0xEF, 0xBF, 0xBF}} will cause an infinite loop in the {{Values::parseString}} method. Since that method is invoked by the default header converter ({{SimpleHeaderConverter}}), any sink record with that byte array will, by default, cause a sink task reading that record to stall forever.  This occurs because that byte sequence, when parsed as a UTF-8 string and then read by a [StringCharacterIterator|https://docs.oracle.com/javase/8/docs/api/java/text/StringCharacterIterator.html], causes the [CharacterIterator.DONE|https://docs.oracle.com/javase/8/docs/api/java/text/CharacterIterator.html#DONE] character to be returned from [StringCharacterIterator::current|https://docs.oracle.com/javase/8/docs/api/java/text/StringCharacterIterator.html#current--], [S","that byte sequence, when parsed as a UTF-8 string and then read by a [StringCharacterIterator| causes the [CharacterIterator.DONE| character to be returned from [StringCharacterIterator::current| [S.","Thanks [~rhauch]. Really appreciate the backports; it's a one-in-16-million chance for this bug to show up but when it does it can be pretty nasty. Nice to know that those future releases will be safe | Thanks, [~ChrisEgerton].  Merged to the `trunk` branch for inclusion in the next release after 2.7, and cherry-picked to the following branches: * `2.7` for inclusion in the upcoming 2.7.0 release * ` | This can be reproduced by adding the following test case to the {{ValuesTest}} class (beware that running this test will cause an infinite loop and it will need to be terminated manually):  {code:java"
KAFKA-10565,"Console producer displays interactive prompt even when input is not interactive. The prompt introduced in KAFKA-2955 may be indeed helpful when a user enters messages manually but when the messages are read from a file, it's not helpful and may be really annoying. h5. Steps to reproduce  # Create a file with a decent number of messages (e.g. 80,000 in my case)  # Start console producer and forward the file contents to its STDIN:  {noformat} $ kafka-console-producer --broker-list b1,b2,b3 --topic test < messages.txt >>>>>>>>>>>>>>>>>>>>>>>>>>>>>>>>>> ... >>>>>>>>>>>>>> {noformat} For each message the producer reads from the file, there's one > displayed polluting the output. h5. Expected behavior:  # If the producer can detect that the input stream is a TTY, it should not display the prompt.  # Ideally, there should be a configuration parameter to disable this explicitl",Console producer displays interactive prompt even when input is not interactive.,Fixed
KAFKA-10564,"Continuous logging about deleting obsolete state directories. The internal process which automatically cleans up obsolete task state directories was modified in https://issues.apache.org/jira/browse/KAFKA-6647. The current logic in 2.6 is to remove all files from the task directory except the {{.lock}} file:  [https://github.com/apache/kafka/blob/2.6/streams/src/main/java/org/apache/kafka/streams/processor/internals/StateDirectory.java#L335]  However, the directory is only removed in its entirely for a manual cleanup:  [https://github.com/apache/kafka/blob/2.6/streams/src/main/java/org/apache/kafka/streams/processor/internals/StateDirectory.java#L349-L353]  The result of this is that Streams will continue revisiting this directory and trying to clean it up, since it determines what to clean based on last-modification time of the task directory (which",Continuous logging about deleting obsolete state directories.,Fixed
KAFKA-10559,"Don't shutdown the entire app upon TimeoutException during internal topic validation. During some of the KIP-572 work, we made things pretty brittle by changing the StreamsPartitionAssignor to send the `INCOMPLETE_SOURCE_TOPIC_METADATA` error code and shut down the entire application if a TimeoutException is hit during the internal topic creation/validation.  Internal topic validation occurs during every rebalance, and we have seen it time out on topic discovery in unstable environments. So shutting down the entire application seems like a step in the wrong direction, and antithetical to the goal of KIP-572 (improving the resiliency of Streams in the face of TimeoutExceptions)  I'm not totally sure what the previous behavior was, but it seems to me we have three options:  # Rethrow the TimeoutException and allow it to kill the thread  # Swallow the TimeoutException and retr",Don't shutdown the entire app upon TimeoutException during internal topic validation.,"Ah thanks Bill, yeah please open it against the apache/kafka repo. And can you name it in the form ""KAFKA-10559: description of PR"" so that it'll be automatically linked to this ticket?  Thanks [~saga | [~sagarrao] can you close the above PR and open it against [https://github.com/apache/kafka] ?     Thanks,  Bill | PR available here: https://github.com/confluentinc/kafka/pull/422"
KAFKA-10557,"Missing docs when describing topic configs including documentation. When describing topic or broker configs with the AdminClient, we can request the documentation of configuration settings to be included.  This does not work with topic configs. The issue lies in this line: https://github.com/apache/kafka/blob/trunk/core/src/main/scala/kafka/server/AdminManager.scala#L767  This uses a KafkaConfig object to look up topic configs. Hence for configurations that have different names between KafkaConfig and LogConfig, no documentation is found!",this line: This uses a KafkaConfig object to look up topic configs.,Fixed
KAFKA-10531,"KafkaBasedLog can sleep for negative values. {{time.milliseconds}} is not monotonic, so this code can throw :  {{java.lang.IllegalArgumentException: timeout value is negative}}    {code:java}         long started = time.milliseconds();         while (partitionInfos == null && time.milliseconds() - started < CREATE_TOPIC_TIMEOUT_MS) {             partitionInfos = consumer.partitionsFor(topic);             Utils.sleep(Math.min(time.milliseconds() - started, 1000));         } {code}  We need to check for negative value before sleeping.",Not explicitly documented.,Merged to `trunk` and cherry-picked to the `2.6` and `2.5` branches.
KAFKA-10520,"InitProducerId may be blocked if least loaded node is not ready to send. From the logs of a failing producer that shows InitProducerId timing out after request timeout, it looks like we don't poll while waiting for transactional producer to be initialized and FindCoordinator request cannot be sent. The producer configuration used one bootstrap server and `max.in.flight.requests.per.connection=1`. The failing sequence:   # Producer sends MetadataRequest to least loaded node (bootstrap server)  # Producer is ready to send InitProducerId, needs to find transaction coordinator  # Producer creates FindCoordinator request, but the only node known is the bootstrap server. Producer cannot send to this node since there is already the Metadata request in flight and max.inflight is 1.  # Producer waits without polling, so Metadata response is not processed. InitProducerId","Producer cannot send to this node since there is already the Metadata request in flight and max.inflight is 1. # Producer waits without polling, so Metadata response is not processed.","[~ableegoldman] Yes, will try and get this done in time for 2.7.0 code freeze. | Hey [~rsivaram], is this something we can get fixed for 2.7? I'm just asking because the freeze deadlines are approaching, and this seems like it might be a simple fix for a pretty much fatal error (a"
KAFKA-10515,"NPE: Foreign key join serde may not be initialized with default serde if application is distributed. The fix of KAFKA-9517 fixed the initialization of the foreign key joins serdes for KStream applications that do not run distributed over multiple instances.  However, if an application runs distributed over multiple instances, the foreign key join serdes may still not be initialized leading to the following NPE: {noformat} Encountered the following error during  processing:java.lang.NullPointerException: null 	at  org.apache.kafka.streams.kstream.internals.foreignkeyjoin.SubscriptionWrapperSerde$SubscriptionWrapperSerializer.serialize(SubscriptionWrapperSerde.java:85) 	at  org.apache.kafka.streams.kstream.internals.foreignkeyjoin.SubscriptionWrapperSerde$SubscriptionWrapperSerializer.serialize(SubscriptionWrapperSerde.java:52) 	at  org.apache.kafka.streams.state.internals.ValueAndTimestamp",The fix of KAFKA-9517 fixed the initialization of the foreign key joins serdes for KStream applications that do not run distributed over multiple instances.,"[https://github.com/apache/kafka/pull/9467] is merged to 2.6. There were also merge conflicts on 2.5, but there's no bugfix release proposed for 2.5 yet, so I decided just to leave it at 2.6/2.7/trunk | Removed the 2.6 and 2.5 fix versions until [https://github.com/apache/kafka/pull/9467] is merged and picked. | Resolved via [https://github.com/apache/kafka/pull/9338]     Merged to trunk and cherry-picked to 2.7"
KAFKA-10514,"failed test StateDirectoryTest.shouldLogStateDirCleanerMessage. {quote} java.lang.AssertionError:  Expected: a collection containing a string ending with ""ms has elapsed (cleanup delay is 0ms).""      but: was empty 	at org.hamcrest.MatcherAssert.assertThat(MatcherAssert.java:20) 	at org.hamcrest.MatcherAssert.assertThat(MatcherAssert.java:6) 	at org.apache.kafka.streams.processor.internals.StateDirectoryTest.shouldLogStateDirCleanerMessage(StateDirectoryTest.java:569) 	at java.base/jdk.internal.reflect.NativeMethodAccessorImpl.invoke0(Native Method) 	at java.base/jdk.internal.reflect.NativeMethodAccessorImpl.invoke(NativeMethodAccessorImpl.java:62) 	at java.base/jdk.internal.reflect.DelegatingMethodAccessorImpl.invoke(DelegatingMethodAccessorImpl.java:43) 	at java.base/java.lang.reflect.Method.invoke(Method.java:566) 	at org.junit.runners.model.Framewo",Not explicitly documented.,"Thank you for catching this! This test seems to be flaky for the reason, you pointed out. I will submit a PR shortly! | more details: https://github.com/apache/kafka/pull/9262#issuecomment-697177819"
KAFKA-10502,"Threadlocal  may can not set null,because it may create a memory leak. When setting Threadlocal to null it may create a memory leak, you can see the link: [https://stackoverflow.com/questions/12424838/threadlocal-remove], so I think we should invoke its remove instead ","Threadlocal may can not set null,because it may create a memory leak.",Fixed
KAFKA-10499,"4 Unit Tests are breaking after addition of a new A record to ""apache.org"". {{apache.org}} earlier used to resolve only to 2 A records: 95.216.24.32 and 40.79.78.1     With addition of a new A record 95.216.26.30, 4 unit tests have started failing, which expect the count of DNS resolution to be 2, but instead it is now 3.    {code:java} org.apache.kafka.clients.ClusterConnectionStatesTest > testMultipleIPsWithUseAll FAILED     java.lang.AssertionError: expected:<2> but was:<3>         at org.junit.Assert.fail(Assert.java:88)         at org.junit.Assert.failNotEquals(Assert.java:834)         at org.junit.Assert.assertEquals(Assert.java:645)         at org.junit.Assert.assertEquals(Assert.java:631)         at org.apache.kafka.clients.ClusterConnectionStatesTest.testMultipleIPsWithUseAll(ClusterConnectionStatesTest.java:241)   org.apache.kafka.clients.ClusterConnecti",Not explicitly documented.,Resolved with commit {{1443f24}} (see: https://github.com/apache/kafka/pull/9294)
KAFKA-10479,"Throw exception if users try to update configs of existent listeners. {code}     def immutableListenerConfigs(kafkaConfig: KafkaConfig, prefix: String): Map[String, AnyRef] = {       newConfig.originals.asScala.filter { case (key, _) =>         key.startsWith(prefix) && !DynamicSecurityConfigs.contains(key)       }     } {code}  We don't actually compare new configs to origin configs so the suitable exception is not thrown.","Throw exception if users try to update configs of existent listeners. def immutableListenerConfigs(kafkaConfig: KafkaConfig, prefix: String): Map[String, AnyRef] = { newConfig.originals.asScala.filter { case (key, _) => key.startsWith(prefix) && !DynamicSecurityConfigs.contains(key) } } We don't actually compare new configs to origin configs so the suitable exception is not thrown.",Fixed
KAFKA-10477,"Sink Connector fails with DataException when trying to convert Kafka record with empty key to Connect Record. Sink connector is facing a DataException when trying to convert a kafka record with empty key to Connect data format.   Kafka's trunk branch currently depends on *jackson v2.10.5*   A short unit test (shared below) in `org.apache.kafka.connect.json.JsonConverterTest` class reproduces the issue.   {code:java} @Test     public void testToConnectDataEmptyKey() throws IOException {         Map<String, Boolean> props = Collections.singletonMap(""schemas.enable"", false);         converter.configure(props, true);         String str = """";         SchemaAndValue schemaAndValue = converter.toConnectData(""testTopic"", str.getBytes());         System.out.println(schemaAndValue);     } {code} This test code snippet fails with the following exception: {noformat} org.apache.kafka.connect.errors.DataExcepti",Sink Connector fails with DataException when trying to convert Kafka record with empty key to Connect Record.,"Thanks [~rhauch] for helping in closing this.  | Merged to trunk, and backported to all of the branches that were changed to use Jackson 2.10 or later: `2.6`, `2.5`, `2.4`, `2.3`, and `2.2`. | Thanks for putting together this comprehensive list of AK versions, Jackson versions, and behavior.  You mentioned: {quote} * ak v2.3.0 -> j v2.9.9 [Looks like an outlier, where ak version increased w"
KAFKA-10471,"TimeIndex handling may cause data loss in certain back to back failure. # Active segment for log A going clean shutdown - trim the time index to the latest fill value, set the clean shutdown marker.  # Broker restarts, loading logs - no recovery due to clean shutdown marker, log A recovers with the previous active segment as current. It also resized the TimeIndex to the max.  #  Before all the log loads, the broker had a hard shutdown causing a clean shutdown marker left as is.  #  Broker restarts, log A skips recovery due to the presence of a clean shutdown marker but the TimeIndex file assumes the resized file from the previous instance is all full (it assumes either file is newly created or is full with valid value).  # The first append to the active segment will result in roll and TimeIndex will be rolled with the timestamp value of the last valid entry (0",The broker trusts the clean-shutdown marker during recovery and can therefore treat an incompletely recovered time index/active segment as valid after a back-to-back failure.,"merged the PR to trunk. | https://github.com/apache/kafka/pull/9364 | +1 [~junrao] will detect unclean shutdown more reliably.  [~dhruvilshah] agree with your comment too, just not sure the cost of it during the log load time, so can we do a sanity test in a lazy fashio"
KAFKA-10470,"zstd decompression with small batches is slow and causes excessive GC. Similar to KAFKA-5150 but for zstd instead of LZ4, it appears that a large decompression buffer (128kb) created by zstd-jni per batch is causing a significant performance bottleneck.  The next upcoming version of zstd-jni (1.4.5-7) will have a new constructor for ZstdInputStream that allows the client to pass its own buffer.  A similar fix as [PR #2967|https://github.com/apache/kafka/pull/2967] could be used to have the  ZstdConstructor use a BufferSupplier to re-use the decompression buffer.",zstd decompression with small batches is slow and causes excessive GC.,[~yuzawa-san] I have assigned this issue to you as you have filed a PR | [~yuzawa-san] Thanks for your effort on zstd-jni. Do you want to take over this issue to leverage the new BufferPool you introduced ?   There are two tasks for this issue.  1. update zstd to v1.4.5-8  | sounds good
KAFKA-10469,"Respect logging hierarchy (KIP-676). {{Log4jController#loggers}} incorrectly uses the root logger's log level for any loggers which lack a configured log level of their own. This is incorrect because loggers without an explicit level inherit their level from their parent logger and this resolved level might be different from the root logger's level. This means that the levels reported from {{Admin.describeConfigs}}, which uses {{Log4jController#loggers}} are incorrect. This can be shown by using the default {{log4j.properties}} and describing a broker's loggers, it reports  {noformat} kafka.controller=TRACE kafka.controller.ControllerChannelManager=INFO kafka.controller.ControllerEventManager$ControllerEventThread=INFO kafka.controller.KafkaController=INFO kafka.controller.RequestSendThread=INFO kafka.controller.TopicDeletion",loggers without an explicit level inherit their level from their parent logger and this resolved level might be different from the root logger's level.,Fixed
KAFKA-10463,"the necessary utilities in Dockerfile should include git. the default image of Dockerfile is openjdk:8 and it pre-installed git so it is fine that necessary utilities does not include git. However, the later version of openjdk image does not include git by default and error message ""git: command not found"" ensues.","However, the later version of openjdk image does not include git by default and error message ""git: command not found"" ensues.",Fixed
KAFKA-10460,"ReplicaListValidator format checking is incomplete. See [https://github.com/apache/kafka/blob/trunk/core/src/main/scala/kafka/server/ConfigHandler.scala#L220] . The logic is supposed to accept only two cases:  * list of k:v pairs  * a single '*'  But in practice, since the disjunction's second part only checks that the head is '*', the case where a k:v list is headed by a star is also accepted (and then later broker dies at startup, refusing the value).  This practically happened due to a CruiseControl bug (see [https://github.com/linkedin/cruise-control/issues/1322])  Observed on 2.4, but seems to be present in HEAD's source as well.","a CruiseControl bug (see [ Observed on 2.4, but seems to be present in HEAD's source as well.","Thanks [~akumar], that would be nice. | Hey [~robinp-tw],  Are you working on this? If not, I will be happy to pick it up."
KAFKA-10455,"Probing rebalances are not guaranteed to be triggered by non-leader members. Apparently, if a consumer rejoins the group with the same subscription userdata that it previously sent, it will not trigger a rebalance. The one exception here is that the group leader will always trigger a rebalance when it rejoins the group.  This has implications for KIP-441, where we rely on asking an arbitrary thread to enforce the followup probing rebalances. Technically we do ask a thread living on the same instance as the leader, so the odds that the leader will be chosen aren't completely abysmal, but for any multithreaded application they are still at best only 50%.  Of course in general the userdata will have changed within a span of 10 minutes, so the actual likelihood of hitting this is much lower –  it can only happen if the member's task offset sums remained unchanged. Real",The one exception here is that the group leader will always trigger a rebalance when it rejoins the group.,"Yeah, I think you're touching on a related issue – fast detection of source topic deletion – which I agree can/should be solved along the same lines as the probing rebalance bug in this ticket.  Just  | Thanks for the info [~ableegoldman]. I think we can have two approaches here which are not necessarily conflicting with each other (i.e. we can probably do both):  1. We a) modify client to always ref | [~guozhang] if the triggering member has only active (and running) tasks, they will always be encoded with a sentinel offset sum of ""-2"" which would not change between rebalances. I do think that if t"
KAFKA-10454,"Kafka Streams Stuck in infinite REBALANCING loop when stream <> table join partitions don't match. Here's integration test: [https://github.com/apache/kafka/pull/9237]     From the first glance, issue is that when one joins stream to table, and table source topic doesn't have same number of partitions as stream topic, `StateChangelogReader` tries to recover state from changelog (which in this case is the same as source topic) for table from partitions that don't exist. Logs are spammed with:     {code:java} [2020-09-01 12:33:07,508] INFO stream-thread [app-StreamTableJoinInfiniteLoopIntegrationTestloop-86ae06c3-5758-429f-9d29-94ed516db126-StreamThread-1] End offset for changelog topic-b-StreamTableJoinInfiniteLoopIntegrationTestloop-1 cannot be found; will retry in the next time. (org.apache.kafka.streams.processor.internals.StoreChangelogReader:716) [2020-09-01 12:33:07,508] INFO strea","that when one joins stream to table, and table source topic doesn't have same number of partitions as stream topic, `StateChangelogReader` tries to recover state from changelog (which in this case is the same as source topic) for table from partitions that don't exist.","Resolved via https://github.com/apache/kafka/pull/9237 | Hey [~vvcephei] thanks for the feedback.  Finally got time today to look into this issue. I've managed to find the cause and chose slightly different approach then what you suggested.  Would love you  | Huh, thanks for the report and repro, [~lkokhreidze] !  I think that if we didn't do selectKey in there, then you _would_ get an exception, since we would check that the stream and table have the same"
KAFKA-10439,"Connect's Values class loses precision for integers, larger than 64 bits. The `org.apache.kafka.connect.data.Values#parse` method parses integers, which are larger than `Long.MAX_VALUE` as `double` with `  Schema.FLOAT64_SCHEMA`.     That means it loses precision for these larger integers.  For example: {code:java} SchemaAndValue schemaAndValue = Values.parseString(""9223372036854775808""); {code} returns: {code:java} SchemaAndValue{schema=Schema{FLOAT64}, value=9.223372036854776E18} {code}","Connect's Values class loses precision for integers, larger than 64 bits.","Merged and back ported to the branches listed under ""Fix version"""
KAFKA-10432,"LeaderEpochCache is incorrectly recovered on segment recovery for epoch 0. I added some functionality to the system tests to compare epoch cache lineages ([https://github.com/apache/kafka/pull/9213]), and I found a bug in leader epoch cache recovery.  The test hard kills a broker and the cache hasn't been flushed yet, and then it starts up and goes through log recovery. After recovery there is divergence in the epoch caches for epoch 0: {noformat} AssertionError: leader epochs for output-topic-1 didn't match  [{0: 9393L, 2: 9441L, 4: 42656L},  {0: 0L, 2: 9441L, 4: 42656L},   {0: 0L, 2: 9441L, 4: 42656L}]                                                                                                                                                                 {noformat} The cache is supposed to include the offset for epoch 0 but in recovery it skips it [https:/",LeaderEpochCache is incorrectly recovered on segment recovery for epoch 0.,"After further discussion with Jason Gustafson, this this should not result in any incorrect truncations as the end offset search will still find the right offset given that only the first epoch start "
KAFKA-10426,"Deadlock in KafkaConfigBackingStore. Hi, guys!  We faced the following deadlock:    {code:java} KafkaBasedLog Work Thread - _streaming_service_config priority:5 - threadId:0x00007f18ec22c000 - nativeId:0x950 - nativeId (decimal):2384 - state:BLOCKED stackTrace: java.lang.Thread.State: BLOCKED (on object monitor) at com.company.streaming.platform.kafka.DistributedHerder$ConfigUpdateListener.onSessionKeyUpdate(DistributedHerder.java:1586) - waiting to lock <0x00000000e6136808> (a com.company.streaming.platform.kafka.DistributedHerder) at org.apache.kafka.connect.storage.KafkaConfigBackingStore$ConsumeCallback.onCompletion(KafkaConfigBackingStore.java:707) - locked <0x00000000d8c3be40> (a java.lang.Object) at org.apache.kafka.connect.storage.KafkaConfigBackingStore$ConsumeCallback.onCompletion(KafkaConfigBackingStore.java:481) a",Deadlock in KafkaConfigBackingStore.,"Hi, [~ChrisEgerton], [~kkonstantine]  !  Could you, please, take a look at my PR?"
KAFKA-10417,"suppress() with cogroup() throws ClassCastException. Streams operation - `cogroup()`, `aggregate()` followed by `suppress()` throws `ClassCastException`  Works fine without the `suppress()`  Code block tested - {code:java} val stream1 = requestStreams.merge(successStreams).merge(errorStreams)                 .groupByKey(Grouped.with(Serdes.String(), serdesConfig.notificationSerde()))          val streams2 = confirmationStreams                 .groupByKey(Grouped.with(Serdes.String(), serdesConfig.confirmationsSerde()))          val cogrouped = stream1.cogroup(notificationAggregator).cogroup(streams2, confirmationsAggregator)                 .windowedBy(TimeWindows.of(Duration.ofMinutes(notificationStreamsConfig.joinWindowMinutes.toLong())).grace(Duration.ofMinutes(notificationStreamsConfig.graceDurationMinutes.toLong())))                 .ag",suppress() with cogroup() throws ClassCastException.,"[~lct45] unfortunately I'm not able to work on this now so feel free to pick it up.  | Hey [~duvholt] , I'm really sorry I missed your comment. Sadly, there's no documentation, but the basic point is that some aggregations need to be able to ""subtract"" the prior value before ""adding"" th | [~duvholt] are you still planning on working on this? If not I'm happy to pick it up"
KAFKA-10413,"rebalancing leads to unevenly balanced connectors. Hi,  With CP 5.5, running kafka connect s3 sink on EC2 whith autoscaling enabled, if a connect instance disappear, or a new one appear, we're seeing unbalanced consumption, much like mentionned in this post:  [https://stackoverflow.com/questions/58644622/incremental-cooperative-rebalancing-leads-to-unevenly-balanced-connectors]   This usually leads to one kafka connect instance taking most of the load and consumption not being able to keep on. Currently, we're ""fixing"" this by deleting the connector and re-creating it, but this is far from ideal.  Any suggestion on what we could do to mitigate this ?",rebalancing leads to unevenly balanced connectors.,Thanks for this fix !  | I'm actually still in the process of cherry-picking into the previous release branches. Running the tests takes some time too.  I'll update the fixed versions and close the ticket once I'm done very s | [~chrisLee] we are looking to get this out fix in the next minor version release 2.7.1    
KAFKA-10401,"GroupMetadataManager ignores current_state_timestamp field for GROUP_METADATA_VALUE_SCHEMA_V3. While reading group metadata information from ByteBuffer GroupMetadataManager reads current_state_timestamp only for group schema version 2. For all other versions this value is set to ""None"".   Piece of code responsible for the bug:  [https://github.com/apache/kafka/blob/2.6.0/core/src/main/scala/kafka/coordinator/group/GroupMetadataManager.scala#L1412]  Restarting kafka forces GroupMetadataManager manager to reload group metadata from file basically causing [KIP-211|[https://cwiki.apache.org/confluence/display/KAFKA/KIP-211%3A+Revise+Expiration+Semantics+of+Consumer+Group+Offsets]] to be only applicable for schema version 2.       ",GroupMetadataManager ignores current_state_timestamp field for GROUP_METADATA_VALUE_SCHEMA_V3.,Fixed
KAFKA-10396,"Overall memory of container keep on growing due to kafka stream / rocksdb and OOM killed once limit reached. We are observing that overall memory of our container keep on growing and never came down. After analysis find out that rocksdbjni.so is keep on allocating 64M chunks of memory off-heap and never releases back. This causes OOM kill after memory reaches configured limit.  We use Kafka stream and globalktable for our many kafka topics.  Below is our environment  * Kubernetes cluster  * openjdk 11.0.7 2020-04-14 LTS  * OpenJDK Runtime Environment Zulu11.39+16-SA (build 11.0.7+10-LTS)  * OpenJDK 64-Bit Server VM Zulu11.39+16-SA (build 11.0.7+10-LTS, mixed mode)  * Springboot 2.3  * spring-kafka-2.5.0  * kafka-streams-2.5.0  * kafka-streams-avro-serde-5.4.0  * rocksdbjni-5.18.3  Observed same result with kafka 2.3 version.  Below is the snippet of our analysis from pmap output we took addresses",kafka stream / rocksdb and OOM killed once limit reached.,Yes. By adding RocksDB config memory did not grow much. So we can close this JIRA.     Thanks for all support. | Hey [~vmathapati] can we resolve this ticket or are you still experiencing issues after fixing the iterator memory leak?  | > I mean to say if my topic going to have 10 Million record then what will be the value of Cache and writeBufferManager? and if topic going to have just 5k records then what will be  the value of Cach
KAFKA-10395,"TopologyTestDriver does not work with dynamic topic routing. The TopologyTestDriver#read(topic) methods all call #getRecordsQueue which checks     {code:java} final Queue<ProducerRecord<byte[], byte[]>> outputRecords = outputRecordsByTopic.get(topicName); if (outputRecords == null) {     if (!processorTopology.sinkTopics().contains(topicName)) {         throw new IllegalArgumentException(""Unknown topic: "" + topicName);      }  } {code} The outputRecordsByTopic map keeps track of all topics that are actually produced to, but obviously doesn't capture any topics that haven't yet received output. The `processorTopology#sinkTopics` is supposed to account for that by checking to make sure the topic is actually registered in the topology, and throw an exception if not in case the user supplied the wrong topic name to read from.   Unfortunately the TopicNa",TopologyTestDriver does not work with dynamic topic routing.,"Thanks, [~ableegoldman] , I agree with your analysis.  I think TestOutputTopic is supposed to be the ""only"" way to read data from TopologyTestDriver, so it seems that having it auto-register its topic | The only really holistic solution I can think of would be to add some API to register the possible output topics on the TopicNameExtractor itself. But that seems like overkill here and honestly just r | I think we could just modify the TestOutputTopic constructor to automatically register the output topic with the TTD, which wouldn't need a KIP. This wouldn't help users who just read from the TTD dir"
KAFKA-10391,"Streams should overwrite checkpoint excluding corrupted partitions. While working on https://issues.apache.org/jira/browse/KAFKA-9450 I discovered another bug in Streams: when some partitions are corrupted due to offsets out of range, we treat it as task corrupted and would close them as dirty and then revive. However we forget to overwrite the checkpoint file excluding those out-of-range partitions to let them be re-bootstrapped from the new log-start offset, and hence when the task is revived, it would still load the old offset and start from there and then get the out-of-range exception again. This may cause {{StreamsUpgradeTest.test_app_upgrade}} to be flaky.  We do not see this often because in the past we always delete the checkpoint file after loading it and we usually only see the out-of-range exception at the beginning of the restoration but not d","offsets out of range, we treat it as task corrupted and would close them as dirty and then revive.",Fixed
KAFKA-10390,"kafka-server-stop lookup is not specific enough and may kill other processes. kafka-server-stop.sh picks out kafka processes by:     {noformat} PIDS=$(ps ax | grep -i 'kafka\.Kafka' | grep java | grep -v grep | awk '{print $1}'){noformat}    This is not specific enough and may match unintended processes, e.g. one that even includes dependencies including *.kafka.kafka.*  **A better match would be: {noformat} PIDS=$(ps ax | grep ' kafka\.Kafka ' | grep java | grep -v grep | awk '{print $1}') {noformat}","kafka-server-stop lookup is not specific enough and may kill other processes. kafka-server-stop.sh picks out kafka processes by: This is not specific enough and may match unintended processes, e.g. one that even includes dependencies including *.kafka.kafka.* **A better match would be:.",Remove the ignore case option is good to me since our entry point is definitely *{{kafka.Kafka}}.* PR submitted. Thanks.
KAFKA-10388,"Casting errors in tagged struct conversion. The message generator is missing some conversion logic between the generated struct types and instances of `Struct`. This causes casting errors when trying to use the `fromStruct` or `toStruct` methods. For example, in `SimpleExampleMessageData`, the tagged struct `myTaggedStruct` results in the following code in `fromStruct`:  {code}             if (_taggedFields.containsKey(8)) {                 this.myTaggedStruct = (MyTaggedStruct) _taggedFields.remove(8);             } else {                 this.myTaggedStruct = new MyTaggedStruct();             } {code}",The message generator is missing some conversion logic between the generated struct types and instances of `Struct`.,Fixed
KAFKA-10387,"Cannot include SMT configs with source connector that uses topic.creation.* properties. Let's say we try to create a connector with the following config:  {code:java} {   ""connector.class"": ""io.debezium.connector.postgresql.PostgresConnector"",   ""tasks.max"": ""1"",   ""database.hostname"": ""localhost"",   ""database.port"": 32843,   ""database.user"": ""test"",   ""database.password"": ""test"",   ""database.dbname"": ""test"",   ""database.server.name"": ""tcpsql"",   ""table.whitelist"": ""public.numerics"",   ""transforms"": ""abc"",   ""transforms.abc.type"": ""io.debezium.transforms.ExtractNewRecordState"",   ""topic.creation.default.partitions"": ""1"",   ""topic.creation.default.replication.factor"": ""1"" } {code}   this fails with the following error in the Connector worker:  {code:java} [2020-08-11 02:47:05,908] ERROR Failed to start task deb-0 (org.apache.kafka.connect.runtime.Worker:560) org.apache.kafka.c",Cannot include SMT configs with source connector that uses topic.creation.* properties.,"Addition of configs for custom topic creation with KIP-158 created a regression when transformation configs are also included in the configuration of a source connector.  To experience the issue, just"
KAFKA-10386,"Fix record serialization with flexible versions. The generated serde code for the ""records"" type uses a mix of compact and non-compact length representations which leads to serialization errors. We should update the generator logic to use the compact representation consistently.","The generated serde code for the ""records"" type uses a mix of compact and non-compact length representations which leads to serialization errors.",Fixed
KAFKA-10384,"Separate converters from generated messages. Separate the JSON converter classes from the message classes, so that the clients module can be used without Jackson on the CLASSPATH.","Separate the JSON converter classes from the message classes, so that the clients module can be used without Jackson on the CLASSPATH.",Also fixed in 2.6.1.
KAFKA-10371,"Partition reassignments can result in crashed ReplicaFetcherThreads.. A Kafka system doing partition reassignments got stuck with the reassignment partially done and the system with a non-zero number of URPs and increasing max lag.  Looking in the logs, we see:  {noformat} [ERROR] 2020-07-31 21:22:23,984 [ReplicaFetcherThread-0-3] kafka.server.ReplicaFetcherThread - [ReplicaFetcher replicaId=4, leaderId=3, fetcherId=0] Error due to org.apache.kafka.common.errors.NotLeaderOrFollowerException: Error while fetching partition state for foo [INFO] 2020-07-31 21:22:23,986 [ReplicaFetcherThread-0-3] kafka.server.ReplicaFetcherThread - [ReplicaFetcher replicaId=4, leaderId=3, fetcherId=0] Stopped {noformat}  Investigating further and with some helpful changes to the exception (which was not generating a stack trace because it was a client-side exception), we see on ","it was a client-side exception), we see on.",Fixed
KAFKA-10366,"TimeWindowedDeserializer doesn't allow users to set a custom window size. Related to [KAFKA-4468|https://issues.apache.org/jira/browse/KAFKA-4468], in timeWindowedDeserializer Long.MAX_VALUE is used as _windowSize_ for any deserializer that uses the default constructor. While streams apps can pass in a window size in serdes or while creating a timeWindowedDeserializer, the deserializer that is actually used in processing the messages is created by the Kafka consumer, without passing in the set windowSize. The deserializer the consumer creates uses the configs, but as there is no config for windowSize, the window size is always default.  See _KStreamAggregationIntegrationTest #ShouldReduceWindowed()_ as an example of this issue. Despite passing in the windowSize to both the serdes and the timeWindowedDeserializer, the window size is set to Long.MAX_VALUE. ","The deserializer the consumer creates uses the configs, but as there is no config for windowSize, the window size is always default.","SGTM. And no worries about naming. It's internal classes only so we can always rename. | Yeah thanks for tracking that down [~mjsax]. I think we can repurpose/reinterpret this ticket to track fixing the Streams tests/test utils. If we have to add a lot of overloads throughout the call hie | Following [~ableegoldman] last comment on the discuss thread of the KIP, I was double checking `KStreamAggregationIntegrationTest#shouldReduceWindowed()` and it seem the issue is in the test setup, or"
KAFKA-10362,"When resuming Streams active task with EOS, the checkpoint file should be deleted. Today when we suspend a task we commit and along with the commit we always write checkpoint file even if we are eosEnabled (since the state is already SUSPENDED). But the suspended task may later be resumed and in that case the checkpoint file should be deleted since it should only be written when it is cleanly closed.  With our latest rebalance protocol in KIP-429, resume would not be called since all suspended tasks would be closed, but with the old eager protocol it may still be called — I think that may be the reason we did not get it often.",Today when we suspend a task we commit and along with the commit we always write checkpoint file even if we are eosEnabled (since the state is already SUSPENDED).,Thanks [~DOJI] and [~ipasynkov]! We should make sure that tickets are assigned properly to avoid such an overlap in the future. | Thank you [~ipasynkov] | Hello [~DOJI]. You can continue with this ticket since you've already made some progress and have a PR. I'll switch to another task then
KAFKA-10340,"Source connectors should report error when trying to produce records to non-existent topics instead of hanging forever. Currently, a source connector will blindly attempt to write a record to a Kafka topic. When the topic does not exist, its creation is controlled by the {{auto.create.topics.enable}} config on the brokers. When auto.create is disabled, the producer.send() call on the Connect worker will hang indefinitely (due to the ""infinite retries"" configuration for said producer). In setups where this config is usually disabled, the source connector simply appears to hang and not produce any output.  It is desirable to either log an info or an error message (or inform the user somehow) that the connector is simply stuck waiting for the destination topic to be created. When the worker has permissions to inspect the broker settings, it can use the {{listTopics}} and {{describeConfigs}} API in AdminClient ","the ""infinite retries"" configuration for said producer).","I cherry-picked the original PR (https://github.com/apache/kafka/pull/10016) to the `2.8` branch (now that it's not frozen) and updated the fixed versions.  This completes all of the planned work for  | {quote}  I wonder if this we should actually resolve this JIRA as the fix has been made to trunk, 2.6 and 2.7. If John decides to pull it in 2.8, then we can just add 2.8.0 to Fix Versions. That would | [~vvcephei] Are we picking this change in 2.8?   I wonder if this we should actually resolve this JIRA as the fix has been made to trunk, 2.6 and 2.7. If John decides to pull it in 2.8, then we can ju"
KAFKA-10332,"MirrorMaker2 fails to detect topic if remote topic is created first. Setup: - 2 clusters: source and target - Mirroring data from source to target - create a topic called source.mytopic on the target cluster - create a topic called mytopic on the source cluster At this point, MM2 does not start mirroring the topic.  This also happens if you delete and recreate a topic that is being mirrored.  The issue is in [refreshTopicPartitions()|https://github.com/apache/kafka/blob/trunk/connect/mirror/src/main/java/org/apache/kafka/connect/mirror/MirrorSourceConnector.java#L211-L232] which basically does a diff between the 2 clusters. When creating the topic on the source cluster last, it makes the partition list of both clusters match, hence not triggering a reconfiguration","`refreshTopicPartitions()` computes cluster differences from stale/inconsistent topic-partition metadata, causing the refresh logic to miss the required partition state changes.","Merged to the `trunk` branch (for future 2.8 release), and cherry-picked to the `2.7` for inclusion in the upcoming 2.7.0, the `2.6` branch for inclusion in the next 2.6.1 if/when it's released, and t"
KAFKA-10326,"Both serializer and deserializer should be able to see the generated client id. Producer and consumer generate client id when users don't define it. the generated client id is passed to all configurable components (for example, metrics reporter) except for serializer/deseriaizer.",Both serializer and deserializer should be able to see the generated client id.,Fixed
KAFKA-10321,shouldDieOnInvalidOffsetExceptionDuringStartup would block forever on JDK11. Have spotted two definite cases where the test shouldDieOnInvalidOffsetExceptionDuringStartup  fails to stop during the whole test suite:  [https://builds.apache.org/job/kafka-pr-jdk11-scala2.13/7604/consoleFull]  [https://builds.apache.org/job/kafka-pr-jdk11-scala2.13/7602/console],Have spotted two definite cases where the test shouldDieOnInvalidOffsetExceptionDuringStartup fails to stop during the whole test suite: [ [.,"Actually I think I found the bug, check out the PR here: [https://github.com/apache/kafka/pull/9095] | cc [~mjsax] [~vvcephei] who added this test in the PR: [https://github.com/apache/kafka/pull/9075] | Looks like we have an infinite blocking logic in `GlobalStreamThread` {code:java} @Override public synchronized void start() {     super.start();     while (!stillRunning()) {         Utils.sleep(1); "
KAFKA-10314,"KafkaStorageException on reassignment when offline log directories exist. If a reassignment of a partition is triggered to a broker with an offline directory, the new broker will fail to follow, instead raising a KafkaStorageException which causes the reassignment to stall indefinitely. The error message we see is the following:  {{[2020-07-23 13:11:08,727] ERROR [Broker id=1] Skipped the become-follower state change with correlation id 14 from controller 1 epoch 1 for partition t2-0 (last update controller epoch 1) with leader 2 since the replica for the partition is offline due to disk error org.apache.kafka.common.errors.KafkaStorageException: Can not create log for t2-0 because log directories /tmp/kafka/d1 are offline (state.change.logger)}}  It seems to me that unless the partition in question already existed on the offline log partition, a better behaviou","log directories /tmp/kafka/d1 are offline (state.change.logger)` It seems to me that unless the partition in question already existed on the offline log partition, a better behaviou.","I just opened https://github.com/apache/kafka/pull/9122 that addresses this issue by making sure that the controller, when initiating a reassignment, will only set isNew=false in the LeaderAndISR for "
KAFKA-10312,"MetadataCache.getPartitionMetadata may return incorrect error code when partition's leader is not present at the MetadataCache. `MetadataCache.getPartitionMetadata` returns an error code if the partition's leader is not present at the MetadataCache, or if the Listener endpoint is not present for the leader. Newer versions for metadata returns LEADER_NOT_AVAILABLE and LISTENER_NOT_FOUND for the above two cases respectively.   There is a small bug in this logic. Current code checks the MetadataCache's host broker Id instead of the partition's leader id (in the list of alive brokers) when determining what error code to return. This may result in this call returning LISTENER_NOT_FOUND error code even when partition's leader is not present at MetadataCache and it should have returned LEADER_NOT_AVAILABLE.",MetadataCache.getPartitionMetadata may return incorrect error code when partition's leader is not present at the MetadataCache.,[https://github.com/apache/kafka/pull/9112] | I have a patch available. Need permission to be able to assign the ticket to myself.
KAFKA-10311,"Flaky test KafkaAdminClientTest#testMetadataRetries. [https://builds.apache.org/job/kafka-pr-jdk8-scala2.12/3545/testReport/junit/org.apache.kafka.clients.admin/KafkaAdminClientTest/testMetadataRetries/]    h3. Error Message  java.util.concurrent.ExecutionException: org.apache.kafka.common.errors.TimeoutException: Call(callName=describeTopics, deadlineMs=1595694629113, tries=1, nextAllowedTryMs=1595694629217) timed out at 1595694629117 after 1 attempt(s) h3. Stacktrace  java.util.concurrent.ExecutionException: org.apache.kafka.common.errors.TimeoutException: Call(callName=describeTopics, deadlineMs=1595694629113, tries=1, nextAllowedTryMs=1595694629217) timed out at 1595694629117 after 1 attempt(s) at org.apache.kafka.common.internals.KafkaFutureImpl.wrapAndThrow(KafkaFutureImpl.java:45) at org.apache.kafka.common.internals.KafkaFutureImpl.a",Not explicitly documented.,[https://github.com/apache/kafka/pull/9091] has covered this issue.
KAFKA-10306,"GlobalThread might loop forever. We did some code refactoring in the `GlobalStateMangerImpl` that can lead to an infinite loop if the global consumer throws an `InvalidOffsetException`. This is a regression bug and thus I marked this ticket as blocker fro 2.6 release.  The issue seem to occur only during the initial bootstrapping of the global store, but not during regular processing.",We did some code refactoring in the `GlobalStateMangerImpl` that can lead to an infinite loop if the global consumer throws an `InvalidOffsetException`.,Fixed
KAFKA-10301,"Partition#remoteReplicasMap can be empty in certain race conditions. In Partition#updateAssignmentAndIsr, we would previously update the `partition#remoteReplicasMap` by adding the new replicas to the map and then removing the old ones ([source]([https://github.com/apache/kafka/blob/7f9187fe399f3f6b041ca302bede2b3e780491e7/core/src/main/scala/kafka/cluster/Partition.scala#L657)]  During a recent refactoring, we changed it to first clear the map and then add all the replicas to it ([source]([https://github.com/apache/kafka/blob/2.6/core/src/main/scala/kafka/cluster/Partition.scala#L663]))  While this is done in a write lock (`inWriteLock(leaderIsrUpdateLock)`), not all callers that access the map structure use a lock. Some examples:  - Partition#updateFollowerFetchState  - DelayedDeleteRecords#tryComplete  - Partition#getReplicaOrException - called in `check",Partition#remoteReplicasMap can be empty in certain race conditions.,"Thanks, [~enether]. I agree it's good to get this into 2.6, so thanks for backporting. | Merged in master ([fa6e5b892227db24568e2cec0a0a0969bc1ec4b5|https://github.com/apache/kafka/commit/fa6e5b892227db24568e2cec0a0a0969bc1ec4b5]) and 2.6 ([fb0a79ddc7c2144cd58b9fc27e4d36ab8f063a78|https:/ | cc [~rhauch] - this would be good to get in 2.6"
KAFKA-10300,"fix flaky core/group_mode_transactions_test.py. {quote}  test_id:    kafkatest.tests.core.group_mode_transactions_test.GroupModeTransactionsTest.test_transactions.failure_mode=hard_bounce.bounce_target=brokers  status:     FAIL  run time:   9 minutes 47.698 seconds            copier-0 - Failed to copy all messages in 240s.  Traceback (most recent call last):    File ""/usr/local/lib/python2.7/dist-packages/ducktape/tests/runner_client.py"", line 134, in run      data = self.run_test()    File ""/usr/local/lib/python2.7/dist-packages/ducktape/tests/runner_client.py"", line 192, in run_test      return self.test_context.function(self.test)    File ""/usr/local/lib/python2.7/dist-packages/ducktape/mark/_mark.py"", line 429, in wrapper      return functools.partial(f, *args, **kwargs)(*w_args, **w_kwargs)    File ""/opt/kafka-dev/tests/kafkatest/t",Not explicitly documented.,merged to trunk
KAFKA-10293,"fix flaky streams/streams_eos_test.py. {quote} Module: kafkatest.tests.streams.streams_eos_test Class:  StreamsEosTest Method: test_failure_and_recovery_complex Arguments: {   ""processing_guarantee"": ""exactly_once"" } {quote}",Not explicitly documented.,"[~chia7712] I will close this ticket because it seems this test got fixed. I checked recent runs of system tests and this test has never failed.  Feel free to reopen, if you think this test is still a"
KAFKA-10287,fix flaky streams/streams_standby_replica_test.py. {quote} Module: kafkatest.tests.streams.streams_standby_replica_test Class:  StreamsStandbyTask Method: test_standby_tasks_rebalance {quote}  It pass occasionally on my local.  ,Not explicitly documented.,"Still needs trunk PR. See https://issues.apache.org/jira/browse/KAFKA-10319 | Created https://issues.apache.org/jira/browse/KAFKA-10319 to track the trunk migration so we can close this ticket for 2.6 | {quote} Sorry, I was not aware that you assigned this ticket to yourself  {quote}    Don’t worry. All I want to do is to fix all system tests. Thanks for resolving this issue!"
KAFKA-10284,"Group membership update due to static member rejoin should be persisted. For known static members rejoin, we would update its corresponding member.id without triggering a new rebalance. This serves the purpose for avoiding unnecessary rebalance for static membership, as well as fencing purpose if some still uses the old member.id.   The bug is that we don't actually persist the membership update, so if no upcoming rebalance gets triggered, this new member.id information will get lost during group coordinator immigration, thus bringing up the zombie member identity.  The bug find credit goes to [~hachikuji] ",static member rejoin should be persisted.,"Just FYI, created a PR: https://github.com/apache/kafka/pull/9270 | Checked with [~bchen225242] offline, and I just reproduced the issue with the procedure as in the attachment, happy to know if there are more failure scenarios related.[^How to reproduce the issue in  | I would say for all. Let me check if [~feyman] is interested in picking this up."
KAFKA-10282,"Log metrics are removed if a log is deleted and re-created quickly enough. When we delete a local log, we mark it for asynchronous deletion by renaming it with a `.delete` extension, and then wait `LogConfig.FileDeleteDelayMs` milliseconds before actually deleting the files on disk. We don't remove the Log metrics from the metrics registry until the actual deletion takes place. If we recreate a log of the same topic partition (for example, if we reassign the partition away from the broker and quickly reassign it back), the metrics are registered when the new log is created, but then unregistered when the async deletion of the original log takes place. This leaves us with a partition that is not reporting any Log metrics (size, offsets, number of segments, etc).  To fix this, the LogManager should check when creating new logs to see if a log for the same topic par",Log metrics are removed if a log is deleted and re-created quickly enough.,Have we considered removing the metrics when the log is initially deleted instead of waiting for the async delete?
KAFKA-10274,"Transaction system test uses inconsistent timeouts. We've seen some failures in the transaction system test with errors like the following: {code} copier-1 : Message copier didn't make enough progress in 30s. Current progress: 0 {code} Looking at the consumer logs, we see the following messages repeating over and over: {code} [2020-07-14 06:50:21,466] DEBUG [Consumer clientId=consumer-transactions-test-consumer-group-1, groupId=transactions-test-consumer-group] Fetching committed offsets for partitions: [input-topic-1] (org.apache.kafka.clients.consumer.internals.ConsumerCoordinator) [2020-07-14 06:50:21,468] DEBUG [Consumer clientId=consumer-transactions-test-consumer-group-1, groupId=transactions-test-consumer-group] Failed to fetch offset for partition input-topic-1: There are unstable offsets that need to be cleared. (org.apache.kafka.c",Transaction system test uses inconsistent timeouts.,"Merged this to trunk and 2.6 branch. | FWIW, I cherry-picked both of these fixes on top of 2.5:  [https://github.com/apache/kafka/compare/2.5...vvcephei:2.5-fix-transactional-test?expand=1]  And the test passes for me locally.  I'm running | Hi [~hachikuji] ,  I'm trying to get a green system test build for the 2.5.1 release, and this test seems to be failing quite a bit in the last few days.  I see that you already fixed the test back in"
KAFKA-10272,"kafka-server-stop.sh fails on IBM i. On the IBM i platform, the `kafka-server-stop.sh` script always fails with an error message ""No kafka server to stop""     The underlying cause is because the script relies on the output of `ps ax` to determine the pid. More specifically: {code:java} PIDS=$(ps ax | grep -i 'kafka\.Kafka' | grep java | grep -v grep | awk '{print $1}') {code} On IBM i, the ps utility is unconventional and truncates the output with these arguments. For instance, here is part of the ps output {code:java}  584329      - A     0:00 /QOpenSys/QIBM/ProdData/SC1/OpenSSH/sbin/sshd -R  584331      - A     0:00 /QOpenSys/QIBM/ProdData/SC1/OpenSSH/libexec/sftp-serv  584332      - A     0:00 /QOpenSys/QIBM/ProdData/SC1/OpenSSH/sbin/sshd -R  584334  pts/5 A     0:00 -bash  584365  pts/7 A     0:08 java -Xmx512M -Xms512M -",because the script relies on the output of `ps ax` to determine the pid.,Fixed
KAFKA-10271,"Performance regression while fetching a key from a single partition. This is follow-up bug for KAFKA-10030   StreamThreadStateStoreProvider excessive loop over calling internalTopologyBuilder.topicGroups(), which is synchronized, thus causing significant performance degradation to the caller, especially when store has many partitions.  ",Performance regression while fetching a key from a single partition.,"Bumped to 2.5.2, as the 2.5.1 release is already in progress. | After profiling under load it looks like problem in excessive loops over calling internalTopologyBuilder.topicGroups() which is synchronized.  !9020.png!"
KAFKA-10268,"dynamic config like ""--delete-config log.retention.ms"" doesn't work. After I set ""log.retention.ms=301000"" to clean the data,i use the cmd  ""bin/kafka-configs.sh --bootstrap-server 10.129.104.15:9092 --entity-type brokers --entity-default --alter --delete-config log.retention.ms"" to reset to default.  Static broker configuration like log.retention.hours is 168h and no topic level configuration like retention.ms.  it did not take effect actually although server.log print the broker configuration like that.  log.retention.check.interval.ms = 300000  log.retention.hours = 168  log.retention.minutes = null  {color:#ff0000}log.retention.ms = null{color}  log.roll.hours = 168  log.roll.jitter.hours = 0  log.roll.jitter.ms = null  log.roll.ms = null  log.segment.bytes = 1073741824  log.segment.delete.delay.ms = 60000     Then we can see that retention time is stil","dynamic config like ""--delete-config log.retention.ms"" doesn't work.","This was also cherry-picked to {{2.6}}, but that branch has been frozen while we try to release AK 2.6.0. However, given that this is low-risk, I'll leave it on {{2.6}}, and updated the ""Fix Versions"""
KAFKA-10264,Flaky Test TransactionsTest.testBumpTransactionalEpoch. h3. Stacktrace  java.lang.AssertionError: Unexpected exception cause org.apache.kafka.common.KafkaException: The client hasn't received acknowledgment for some previously sent messages and can no longer retry them. It is safe to abort the transaction and continue. at org.junit.Assert.fail(Assert.java:89) at org.junit.Assert.assertTrue(Assert.java:42) at org.apache.kafka.test.TestUtils.assertFutureThrows(TestUtils.java:557) at kafka.api.TransactionsTest.testBumpTransactionalEpoch(TransactionsTest.scala:637),Not explicitly documented.,Go for it | [~ableegoldman] Could I take over this issue?
KAFKA-10262,"StateDirectory is not thread-safe. As explicitly stated in the StateDirectory javadocs,  ""This class is not thread-safe.""  Despite this, a single StateDirectory is shared among all the StreamThreads of a client. Some of the more ""dangerous"" methods are indeed synchronized, but others are not. For example, the innocent-sounding #directoryForTask is not thread-safe and is called in a number of places. We call it during task creation, and we call it during task closure (through StateDirectory#lock). It's not uncommon for one thread to be closing a task while another is creating it after a rebalance.  In fact, we saw exactly that happen in our test application. This ultimately lead to the following exception    {code:java} org.apache.kafka.streams.errors.ProcessorStateException: task directory [/mnt/run/streams/state/stream-soa",StateDirectory is not thread-safe.,"{quote}I've only confirmed that this affects 2.6 so far, but the unsafe methods are present in earlier versions. It's possible we made the problem worse somehow during ""The Refactor"" so that it's easi | I think we can just do something like  {code:java} if (hasPersistentStores && !taskDir.exists())     try directory-creation-lock         if (!taskDir.exists() && !taskDir.mkdir())             throw PS"
KAFKA-10257,"system test kafkatest.tests.core.security_rolling_upgrade_test fails. The test failure was reported in http://confluent-kafka-branch-builder-system-test-results.s3-us-west-2.amazonaws.com/2020-07-08--001.1594266883--chia7712--KAFKA-10235--a76224fff/report.html  Saw the following error in the log.  {code:java} [2020-07-09 00:56:37,575] ERROR [KafkaServer id=1] Fatal error during KafkaServer startup. Prepare to shutdown (kafka.server.KafkaServer) java.lang.IllegalArgumentException: Could not find a 'KafkaServer' or 'internal.KafkaServer' entry in the JAAS configuration. System property 'java.security.auth.login.config' is not set         at org.apache.kafka.common.security.JaasContext.defaultContext(JaasContext.java:133)         at org.apache.kafka.common.security.JaasContext.load(JaasContext.java:98)         at org.apache.kafka.common.security.JaasContext.loa",system test kafkatest.tests.core.security_rolling_upgrade_test fails.,Merged to 2.6 and trunk. | [~chia7712] : Yes. Thanks for helping out. | [~junrao] Could I take over this issue?
KAFKA-10254,"100% cpu usage by kafkaConsumer poll , when broker can't be connect . steps  1、start kafka broker   2、start kafka consumer and subscribe some topic with some kafkaConsumer instance and  call  kafkaConsumer.*poll(Duration.ofMillis(pollTimeout))*   and set auto.commit.enabled=false  3、iptables to disable kafka broker  ip  in client vm or shutdown kafka brokers  4、cpu go to 100%     *why?*        left Vserison :2.3.1  right Version:2.5.0     for 2.3.1 kafkaConsumer when kafka  brokers go  down,updateAssignmentMetadataIfNeeded will block x ms and return empty records ,  !image-2020-07-09-19-24-20-604.png|width=926,height=164!     for 2.5.0  private Map<TopicPartition, List<ConsumerRecord<K, V>>> pollForFetches(Timer timer) {  *long pollTimeout = coordinator == null ? timer.remainingMs() :*  *Math.min(coordinator.timeToNextPoll(timer.currentTimeMs()), timer.remai",Not explicitly documented.,"Changing resolution to ""fixed"", since the linked duplicate is fixed. | Hey [~xiaotong.wang] , thanks for the report! It looks like a duplicate of KAFKA-10134; is that right? | [~xiaotong.wang], see KAFKA-10134"
KAFKA-10249,"In-memory stores are skipped when checkpointing but not skipped when reading the checkpoint. As the title suggests, offsets for in-memory stores (including the suppression buffer) are not written to the checkpoint file. However, when reading from the checkpoint file during task initialization, we do not check StateStore#persistent. We attempt to look up the offsets for in-memory stores in the checkpoint file, and obviously do not find them.  With eos we have to conclude that the existing state is dirty and thus throw a TaskCorruptedException. So pretty much any task with in-memory state will always hit this exception when reinitializing from the checkpoint, forcing it to clear the entire state directory and build up all of its state again from scratch (both persistent and in-memory).  This is especially unfortunate for KIP-441, as we will hit this any time a task is moved from one","We attempt to look up the offsets for in-memory stores in the checkpoint file, and obviously do not find them.","cc [~rhauch] , I've just pushed the fix to 2.6."
KAFKA-10247,"Streams may attempt to process after closing a task. Observed in a system test. A corrupted task was detected, and Stream properly closed it as dirty: {code:java} [2020-07-08 17:08:09,345] WARN stream-thread [SmokeTest-66676ca8-d517-4e4b-bb5f-44203e24e569-StreamThread-2] Encountered org.apache.kafka.clients.consumer.OffsetOutOfRangeException fetching records from restore consumer for partitions [SmokeTest-cntStoreName-changelog-1], it is likely that the consumer's position has fallen out of the topic partition offset range because the topic was truncated or compacted on the broker, marking the corresponding tasks as corrupted and re-initializing it later. (org.apache.kafka.streams.processor.internals.StoreChangelogReader) org.apache.kafka.clients.consumer.OffsetOutOfRangeException: Fetch position FetchPosition{offset=1, offsetEpoch=Optional.","the topic was truncated or compacted on the broker, marking the corresponding tasks as corrupted and re-initializing it later. (org.apache.kafka.streams.processor.internals.StoreChangelogReader) org.apache.kafka.clients.consumer.OffsetOutOfRangeException: Fetch position FetchPosition{offset=1, offsetEpoch=Optional.",Fixed
KAFKA-10243,ConcurrentModificationException while processing connection setup timeouts. From [~guozhang] in [https://github.com/apache/kafka/pull/8683:]  {quote} java.util.ConcurrentModificationException 	at java.util.HashMap$HashIterator.nextNode(HashMap.java:1445) 	at java.util.HashMap$KeyIterator.next(HashMap.java:1469) 	at org.apache.kafka.clients.NetworkClient.handleTimedOutConnections(NetworkClient.java:822) 	at org.apache.kafka.clients.NetworkClient.poll(NetworkClient.java:574) 	at org.apache.kafka.clients.consumer.internals.ConsumerNetworkClient.poll(ConsumerNetworkClient.java:265) 	at org.apache.kafka.clients.consumer.internals.ConsumerNetworkClient.poll(ConsumerNetworkClient.java:236) 	at org.apache.kafka.clients.consumer.internals.ConsumerNetworkClient.poll(ConsumerNetworkClient.java:215) 	at org.apache.kafka.clients.consumer.internals.AbstractCoordinator.joinGroup,ConcurrentModificationException while processing connection setup timeouts.,"Thanks, [~dajac] ! | [~vvcephei] This only affects trunk AFAIK. | Hey all, it seems like this is fixing a regression in 2.5.1/2.6.0 . Should it be a blocker and tagged for those releases?"
KAFKA-10240,"Sink tasks should not throw WakeupException on shutdown. * When a task is scheduled for shutdown, the framework [wakes up the consumer|https://github.com/apache/kafka/blob/8a24da376b801c6eb6522ad4861b83f5beb5826c/connect/runtime/src/main/java/org/apache/kafka/connect/runtime/WorkerSinkTask.java#L159] for that task.   * As is noted in the [Javadocs for that method|https://github.com/apache/kafka/blob/8a24da376b801c6eb6522ad4861b83f5beb5826c/clients/src/main/java/org/apache/kafka/clients/consumer/KafkaConsumer.java#L2348], “If no thread is blocking in a method which can throw {{org.apache.kafka.common.errors.WakeupException}}, the next call to such a method will raise it instead.”   * It just so happens that, if the framework isn’t in the middle of a call to the consumer and then the task gets stopped, the next call the framework will make on the ",Not explicitly documented.,"For some background: this was actually discussed years ago on [https://github.com/apache/kafka/pull/1511], but never implemented."
KAFKA-10239,"The groupInstanceId field in DescribeGroup response should be ignorable. We noticed the following error in the logs in the handling of a DescribeGroup request: ``` org.apache.kafka.common.errors.UnsupportedVersionException: Attempted to write a non-default groupInstanceId at version 3 ``` The problem is that the field is not marked as ignorable. So if the user is relying on static membership and uses an older AdminClient, they will see this error.","The `groupInstanceId` field is not marked ignorable for the relevant protocol version, so the broker attempts to serialize a non-default field and raises `UnsupportedVersionException`.",Fixed
KAFKA-10235,"Fix flaky transactions_test.py. {code} =hard_bounce.bounce_target=clients.check_order=False.use_group_metadata=False: FAIL: copier-1 : Message copier didn't make enough progress in 30s. Current progress: 0 Traceback (most recent call last):   File ""/usr/local/lib/python2.7/dist-packages/ducktape/tests/runner_client.py"", line 134, in run     data = self.run_test()   File ""/usr/local/lib/python2.7/dist-packages/ducktape/tests/runner_client.py"", line 192, in run_test     return self.test_context.function(self.test)   File ""/usr/local/lib/python2.7/dist-packages/ducktape/mark/_mark.py"", line 429, in wrapper     return functools.partial(f, *args, **kwargs)(*w_args, **w_kwargs)   File ""/opt/kafka-dev/tests/kafkatest/tests/core/transactions_test.py"", line 254, in test_transactions     num_messages_to_copy=self.num_seed_messages",Fix flaky transactions_test.py. =hard_bounce.bounce_target=clients.check_order=False.use_group_metadata=False: FAIL: copier-1 : Message copier didn't make enough progress in 30s.,merged the PR to trunk.
KAFKA-10224,"The license term about jersey is not correct. Kafka 2.3.0 and later bundle jersey 2.28. Since 2.28, jersey changed the license type from CDDL/GPLv2+CPE to EPLv2. But in Kafka 2.5.0's LICENSE file [https://github.com/apache/kafka/blob/2.5/LICENSE], it still said  ""This distribution has a binary dependency on jersey, which is available under the CDDL"".  This should be corrected ASAP.",Kafka 2.3.0 and later bundle jersey 2.28.,"Kafka upgraded to Jersey 2.28 starting in 2.3.0 via [https://github.com/apache/kafka/pull/6665].   Also, just to clarify, per [https://www.apache.org/legal/resolved.html#weak-copyleft-licenses] it is "
KAFKA-10223,ReplicaNotAvailableException must be retriable to handle reassignments. ReplicaNotAvailableException should be a retriable `InvalidMetadataException` since consumers may throw this during reassignments.,ReplicaNotAvailableException must be retriable to handle reassignments.,"Thank you for the confirmation, [~rsivaram]. | [~dongjoon] This is not a 2.6.0 issue, ReplicaNotAvailable has always been non-retriable. This turned out to be a bigger issue in non-Java consumers since fetch-from-follower was introduced in  2.4.0. | Hi, [~rsivaram]. Is this only 2.6.0 issue?"
KAFKA-10222,"Incorrect methods show up in 0.10 Kafka Streams docs. In 0.10 Kafka Streams doc([http://kafka.apache.org/0100/javadoc/index.html?org/apache/kafka/streams/KafkaStreams.html]), two wrong methods show up, as show below:  _builder.from(""my-input-topic"").mapValue(value -> value.length().toString()).to(""my-output-topic"");_     There is no method named `from` or `mapValues`. They should be `stream` and `mapValues` respectively.      ",Incorrect methods show up in 0.10 Kafka Streams docs.,"mjsax merged pull request #272: URL: https://github.com/apache/kafka-site/pull/272         ---------------------------------------------------------------- This is an automated message from the Apache | mjsax commented on pull request #272: URL: https://github.com/apache/kafka-site/pull/272#issuecomment-655021969      We can still merge this PR, because otherwise the web-page would not be updated.    | huxihx opened a new pull request #272: URL: https://github.com/apache/kafka-site/pull/272      https://issues.apache.org/jira/browse/KAFKA-10222        Non-existent methods show up in the doc:    _bui"
KAFKA-10221,Backport fix for KAFKA-9603 to 2.5 . The fix for [KAFKA-9603|https://issues.apache.org/jira/browse/KAFKA-9603] shall be backported to 2.5. ,The fix for [KAFKA-9603| shall be backported to 2.5.,Fixed
KAFKA-10220,"NPE when describing resources. In current trunk code   Describing a topic from the CLI can fail with an NPE in the broker  on the line   {{          resource.configurationKeys.asScala.forall(_.contains(configName))}}     (configurationKeys is null)  {{[2020-06-30 11:10:39,464] ERROR [Admin Manager on Broker 0]: Error processing describe configs request for resource DescribeConfigsResource(resourceType=2, resourceName='topic1', configurationKeys=null) (kafka.server.AdminManager)}}{{java.lang.NullPointerException}}{{at kafka.server.AdminManager.$anonfun$describeConfigs$3(AdminManager.scala:395)}}{{at kafka.server.AdminManager.$anonfun$describeConfigs$3$adapted(AdminManager.scala:393)}}{{at scala.collection.TraversableLike.$anonfun$filterImpl$1(TraversableLike.scala:248)}}{{at scala.collection.Iterator.foreach(Iterator.sca",NPE when describing resources.,"Issue resolved by pull request 8966 [https://github.com/apache/kafka/pull/8966] | [~tombentley], I'll submit a PR for your review later. Thanks. | [~omkreddy] I'm happy to fix it, but Luke is already assigned. In any case, sorry folks ☹. I took another look at my PR and since {{configurationKeys}} is the only nullable field I don't think it's a "
KAFKA-10218,"DistributedHerder's canReadConfigs field is never reset to true. If the {{DistributedHerder}} encounters issues reading to the end of the config topic, it [takes note of this fact|https://github.com/apache/kafka/blob/7db52a46b00eed652e791dd4eae809d590626a1f/connect/runtime/src/main/java/org/apache/kafka/connect/runtime/distributed/DistributedHerder.java#L1109] by setting a field {{canReadConfigs}} to {{false}} and then acts accordingly at the [start of its tick loop|https://github.com/apache/kafka/blob/7db52a46b00eed652e791dd4eae809d590626a1f/connect/runtime/src/main/java/org/apache/kafka/connect/runtime/distributed/DistributedHerder.java#L319] by trying again to read to the end of the config topic. However, if a subsequent attempt to read to the end of the config topic succeeds, the {{canReadConfigs}} field is never set back to {{true}} again, so no ma",DistributedHerder's canReadConfigs field is never reset to true.,"Merged into the `trunk` branch for inclusion in the upcoming 2.7.0, and cherry-picked to the `2.6.x`, `2.5.x`, and `2.4.x` branches for inclusion in the next 2.6.1, 2.5.2, and 2.4.2 patch releases if/ | [~rhauch] The primary impact here is that there are erroneous and confusing log messages that start to get emitted as soon as the worker enters a bad state and there is no fix except to restart the wo | Thanks, [~ChrisEgerton]. You didn't really describe the impact of this bug, but IIUC the herder still behaves correctly with this bug but does extra work with every herder tick. Specifically, the conf"
KAFKA-10215,"MockProcessorContext doesn't work with SessionStores. The recommended pattern for testing custom Processor implementations is to use the test-utils MockProcessorContext. If a Processor implementation needs a store, the store also has to be initialized with the same context. However, the existing (in-memory and persistent) Session store implementations perform internal casts that result in class cast exceptions if you attempt to initialize them with the MockProcessorContext.  A workaround is to instead embed the processor in an application and use the TopologyTestDriver instead.  The fix is the same as for KAFKA-10200",MockProcessorContext doesn't work with SessionStores.,"Fixed in the new processor API. | Note, this will be fixed for the new PAPI MockProcessorContext, at least, by [https://github.com/apache/kafka/pull/9396] ."
KAFKA-10214,"fix flaky zookeeper_tls_test.py. After https://github.com/apache/kafka/commit/3661f981fff2653aaf1d5ee0b6dde3410b5498db, security_config is cached. Hence, the later changes to security flag can't impact the security_config used by later tests.",After security_config is cached.,Issue resolved by pull request 8949 [https://github.com/apache/kafka/pull/8949]
KAFKA-10212,"Describing a topic with the TopicCommand fails if unauthorised to use ListPartitionReassignments API. Since https://issues.apache.org/jira/browse/KAFKA-8834, describing topics with the TopicCommand requires privileges to use ListPartitionReassignments or fails to describe the topics with the following error:  {quote} Error while executing topic command : Cluster authorization failed.  {quote}  This is a quite hard restriction has most of the secure clusters do not authorize non admin members to access ListPartitionReassignments.",Since describing topics with the TopicCommand requires privileges to use ListPartitionReassignments or fails to describe the topics with the following error: Error while executing topic command : Cluster authorization failed. This is a quite hard restriction has most of the secure clusters do not authorize non admin members to access ListPartitionReassignments.,Fixed
KAFKA-10209,Fix connect_rest_test.py after the introduction of new connector configs. There are two new configs introduced by [371f14c3c12d2e341ac96bd52393b43a10acfa84|https://github.com/apache/kafka/commit/371f14c3c12d2e341ac96bd52393b43a10acfa84] and [1c4eb1a5757df611735cfac9b709e0d80d0da4b3|https://github.com/apache/kafka/commit/1c4eb1a5757df611735cfac9b709e0d80d0da4b3] so we have to update the expected configs in connect_rest_test.py,There are two new configs introduced by [371f14c3c12d2e341ac96bd52393b43a10acfa84| and [1c4eb1a5757df611735cfac9b709e0d80d0da4b3| so we have to update the expected configs in connect_rest_test.py.,Fixed
KAFKA-10200,"MockProcessorContext doesn't work with WindowStores. The recommended pattern for testing custom Processor implementations is to use the test-utils MockProcessorContext. If a Processor implementation needs a store, the store also has to be initialized with the same context. However, the existing (in-memory and persistent) Windowed store implementations perform internal casts that result in class cast exceptions if you attempt to initialize them with the MockProcessorContext.  A workaround is to instead embed the processor in an application and use the TopologyTestDriver instead.",MockProcessorContext doesn't work with WindowStores.,"Thanks, Sophie, yes, this is done.  | [~vvcephei] can we resolve this ticket or was there some followup work/improvement that isn't yet merged? | Created and linked https://issues.apache.org/jira/browse/KAFKA-10215 for SessionStores"
KAFKA-10198,"Dirty tasks may be recycled instead of closed. We recently added a guard to `Task#closeClean` to make sure we don't accidentally clean-close a dirty task, but we forgot to also add this check to `Task#closeAndRecycleState`. This meant an otherwise dirty task could be closed clean and recycled into a new task when it should have just been closed.  This manifest as an NPE in our test application. Specifically, task 1_0 was active on StreamThread-2 but reassigned as a standby. During handleRevocation we hit a TaskMigratedException while flushing the tasks and bailed on trying to flush and commit the remainder. This left task 1_0 with dirty keys in the suppression buffer and the `commitNeeded` flag still set to true.  During handleAssignment, we should have closed all the tasks with pending state as dirty (ie any task with commitNeeded = t",also add this check to `Task#closeAndRecycleState`.,"[~rhauch] the fix has been merged and picked to the 2.6 branch | Thanks, [~ableegoldman]. I agree this should be fixed in 2.6, so merge whenever the PR is ready and cherry-pick to the `2.6` branch. (I'm the 2.6 release manager.)"
KAFKA-10193,"Add preemption for controller events that have callbacks. There are classes that extends `ControllerEvent` and have callbacks but do not provide preemption:  1. [ApiPartitionReassignment|https://github.com/apache/kafka/blob/trunk/core/src/main/scala/kafka/controller/KafkaController.scala#L2073-L2074]  2. [ListPartitionReassignments|https://github.com/apache/kafka/blob/trunk/core/src/main/scala/kafka/controller/KafkaController.scala#L2098-L2099]  Currently, the KafkaApi requests timeout for these events when the state of the controller changes. Instead we should preempt these events so that the requests are responded with a `NOT_CONTROLLER` error as we do for `ControlledShutdown` and `ReplicaLeaderElection` events. We can provide preemption [here|https://github.com/apache/kafka/blob/trunk/core/src/main/scala/kafka/controller/KafkaController.scala#",There are classes that extends `ControllerEvent` and have callbacks but do not provide preemption: 1.,Issue resolved by pull request 9050 [https://github.com/apache/kafka/pull/9050] | PR: [https://github.com/apache/kafka/pull/9050]
KAFKA-10192,"Flaky test BlockingConnectorTest#testBlockInConnectorStop. h3. [https://builds.apache.org/job/kafka-pr-jdk14-scala2.13/1218/] h3. Error Message  org.apache.kafka.connect.runtime.rest.errors.ConnectRestException: Could not execute PUT request. Error response: \{""error_code"":500,""message"":""Request timed out""} h3. Stacktrace  org.apache.kafka.connect.runtime.rest.errors.ConnectRestException: Could not execute PUT request. Error response: \{""error_code"":500,""message"":""Request timed out""} at org.apache.kafka.connect.util.clusters.EmbeddedConnectCluster.putConnectorConfig(EmbeddedConnectCluster.java:346) at org.apache.kafka.connect.util.clusters.EmbeddedConnectCluster.configureConnector(EmbeddedConnectCluster.java:300) at org.apache.kafka.connect.integration.BlockingConnectorTest.createConnectorWithBlock(BlockingConnectorTest.java:185) at org.apache.kaf",Not explicitly documented.,"[~mjsax] FYI, there's a PR up for this from [~showuon] if you have time for a quick one-liner: [https://github.com/apache/kafka/pull/10118]     I think the change is described and justified in the PR  | Failed in setup: [https://github.com/apache/kafka/pull/10134/checks?check_run_id=1915517987]  {quote} {{org.opentest4j.AssertionFailedError: Condition not met within timeout 30000. Worker did not comp | Error happened in tests in BlockingConnectorTests.  ex: [https://ci-builds.apache.org/job/Kafka/job/kafka-trunk-jdk8/475/testReport/junit/org.apache.kafka.connect.integration/BlockingConnectorTest/tes"
KAFKA-10189,"Reset metric EventQueueTimeMs . The metric [EventQueueTimeMs|https://github.com/apache/kafka/blob/trunk/core/src/main/scala/kafka/controller/ControllerEventManager.scala#L81] does not reset and therefore misrepresents the controller event queue time in these two scenarios:  1. upon losing leader election - `EventQueueTimeMs` portrays the last event queue time of the previous controller and not the current controller  2. no controller events are added to the queue - `EventQueueTimeMs` portrays the most recent event queue time, not the current queue time (which is 0)  For both cases, we should reset the controller event queue time to 0.  Implementation:  Instead of using `LinkedBlockingQueue.take()` [here|https://github.com/apache/kafka/blob/trunk/core/src/main/scala/kafka/controller/ControllerEventManager.scala#L118], we ",Reset metric EventQueueTimeMs.,merged to trunk | [https://github.com/apache/kafka/pull/8935]
KAFKA-10188,"Sink task preCommit method gets called after task is stopped. When the [final cleanup for a sink task|https://github.com/apache/kafka/blob/3c43adff1d4562c6b33732f399691c9e2f887903/connect/runtime/src/main/java/org/apache/kafka/connect/runtime/WorkerTask.java#L191] is initiated, the framework [first calls stop() on the task|https://github.com/apache/kafka/blob/3c43adff1d4562c6b33732f399691c9e2f887903/connect/runtime/src/main/java/org/apache/kafka/connect/runtime/WorkerSinkTask.java#L167], and then [closes the consumer for the task|https://github.com/apache/kafka/blob/3c43adff1d4562c6b33732f399691c9e2f887903/connect/runtime/src/main/java/org/apache/kafka/connect/runtime/WorkerSinkTask.java#L171]. Closing the consumer has the side effect of triggering [the onPartitionsRevoked method|https://kafka.apache.org/25/javadoc/org/apache/kafka/clients/consumer/C",Sink task preCommit method gets called after task is stopped.,"Merged to the `trunk` branch (for inclusion in the upcoming 2.7.0), and cherry-picked to the `2.6` branch (cleanly) and `2.5` branch (with merge conflicts)."
KAFKA-10180,TLSv1.3 system tests should not run under Java 8. 18 system tests relates to TLSv1.3 are running and failing under Java 8.  These system tests should not run except when Java 11 or later is in use.  http://testing.confluent.io/confluent-kafka-system-test-results/?prefix=2020-06-16--001.1592310680--confluentinc--master--d07ee594d/  (e.g. http://testing.confluent.io/confluent-kafka-system-test-results/?prefix=2020-06-16--001.1592310680--confluentinc--master--d07ee594d/Benchmark/test_end_to_end_latency/interbroker_security_protocol=PLAINTEXT.tls_version=TLSv1.3.security_protocol=SSL.compression_type=snappy/) ,TLSv1.3 system tests should not run under Java 8. 18 system tests relates to TLSv1.3 are running and failing under Java 8.,merged the PR to trunk | {noformat} ==================================================================================================== SESSION REPORT (ALL TESTS) ducktape version: 0.7.8 session_id:       2020-06-23--020 run | [~nizhikov] Can you please look into this? It looks related to the changes to enable TLSv1.3 in system tests.
KAFKA-10179,"State Store Passes Wrong Changelog Topic to Serde for Optimized Source Tables. {{MeteredKeyValueStore}} passes the name of the changelog topic of the state store to the state store serdes. Currently, it always passes {{<application ID>-<store name>-changelog}} as the changelog topic name. However, for optimized source tables the changelog topic is the source topic.  Most serdes do not use the topic name passed to them. However, if the serdes actually use the topic name for (de)serialization, e.g., when Kafka Streams is used with Confluent's Schema Registry, a {{org.apache.kafka.common.errors.SerializationException}} is thrown.",Most serdes do not use the topic name passed to them.,"I agree with Almog and Rohan’s arguments here. What I’m thinking is how we could define a principle for users to indicate that:  1) the bytes in the source topic are exactly the same as bytes in the s | [~ableegoldman] I confirmed locally that nothing ""breaks"" if we use a deserializer that projects a subset of the fields in the record, as you suspected, but consider the following points:  # Some of t | [~desai.p.rohan] I'm not sure I understand why it's a problem for the deserializer to modify the value slightly, by dropping fields to take your example. We would end up restoring the full bytes into "
KAFKA-10173,BufferUnderflowException during Kafka Streams Upgrade. I migrated a Kafka Streams application from version 2.3.1 to 2.5.0. I followed the steps described in the upgrade guide and set the property {{migrate.from=2.3}}. On my dev system with just one running instance I got the following exception:  {noformat} stream-thread [0-StreamThread-2] Encountered the following error during processing: java.nio.BufferUnderflowException: null 	at java.base/java.nio.HeapByteBuffer.get(Unknown Source) 	at java.base/java.nio.ByteBuffer.get(Unknown Source) 	at org.apache.kafka.streams.state.internals.BufferValue.extractValue(BufferValue.java:94) 	at org.apache.kafka.streams.state.internals.BufferValue.deserialize(BufferValue.java:83) 	at org.apache.kafka.streams.state.internals.InMemoryTimeOrderedKeyValueBuffer.restoreBatch(InMemoryTimeOrderedKeyValueBuffer.jav,BufferUnderflowException during Kafka Streams Upgrade.,"Hey all, I'm resolving this ticket to unblock the 2.6.0 release. I'm still working on backporting the system test fixes. | Here's the system test PR: https://github.com/apache/kafka/pull/8938 | Ok, the fix is now backported all the way back to 2.4. I'll leave this ticket open until I get the system test PR in."
KAFKA-10169,"KafkaException: Failing batch since transaction was aborted. We've seen the following exception in our eos-beta test application recently: {code:java} [2020-06-13T00:09:14-07:00] (streams-soak-2-6-all-fixes-eos-beta_soak_i-0ae30dd12c4fb7018_streamslog) org.apache.kafka.streams.errors.StreamsException: Error encountered sending record to topic stream-soak-test-KSTREAM-AGGREGATE-STATE-STORE-0000000025-changelog for task 1_2 due to: [2020-06-13T00:09:14-07:00] (streams-soak-2-6-all-fixes-eos-beta_soak_i-0ae30dd12c4fb7018_streamslog) org.apache.kafka.common.KafkaException: Failing batch since transaction was aborted [2020-06-13T00:09:14-07:00] (streams-soak-2-6-all-fixes-eos-beta_soak_i-0ae30dd12c4fb7018_streamslog) Exception handler choose to FAIL the processing, no more records would be sent. at org.apache.kafka.streams.processor.internals.RecordColle",KafkaException: Failing batch since transaction was aborted.,I haven't seen anything damning (or even particularly interesting) in the logs so far. The only consistent pattern was that it tended to occur after a #handleAssignment where the doomed task was both 
KAFKA-10167,"Streams EOS-Beta should not try to get end-offsets as read-committed. This is a bug discovered with the new EOS protocol (KIP-447), here's the context:  In Streams when we are assigned with the new active tasks, we would first try to restore the state from the changelog topic all the way to the log end offset, and then we can transit from the `restoring` to the `running` state to start processing the task.  Before KIP-447, the end-offset call is only triggered after we've passed the synchronization barrier at the txn-coordinator which would guarantee that the txn-marker has been sent and received (otherwise we would error with CONCURRENT_TRANSACTIONS and let the producer retry), and when the txn-marker is received, it also means that the marker has been fully replicated, which in turn guarantees that the data written before that marker has been fully replica",Streams EOS-Beta should not try to get end-offsets as read-committed.,"I've also thought about whether we need to block on mainConsumer#committed before getting the end-offset, and now I think that is not necessary either since the end-offset only requires that data is f | The proposed solution is that even under EOS, do not try to use consumer.endOffset that would set `read-committed` flag, but to just use list-offset with `read-uncommitted` to get the end-offset.  The"
KAFKA-10166,"Excessive TaskCorruptedException seen in testing. As the title indicates, long-running test applications with injected network ""outages"" seem to hit TaskCorruptedException more than expected.  Seen occasionally on the ALOS application (~20 times in two days in one case, for example), and very frequently with EOS (many times per day)",Excessive TaskCorruptedException seen in testing.,"I've merged in [~ableegoldman]'s PR, and [~cadonna] has also confirmed the other corruption exception are actually legitimate, so I'm going to close this ticket now. | [~rhauch] I think we can get it merged sometime today | [~ableegoldman] do you have an updated ETA?"
KAFKA-10165,"Percentiles metric leaking memory. We've hit several OOM in our soak cluster lately. We were finally able to get a heap dump right after the OOM, and found over 3.5 GB of memory being retained by the percentiles (or specifically by the 1MB float[] used by the percentiles).   The leak does seem specific to the Percentiles class, as we see ~3000 instances of the Percentiles object vs only ~500 instances of the Max object, which is also used in the same sensor as the Percentiles  We did recently lower the size from 1MB to 100kB, but it's clear there is a leak of some kind and a ""smaller leak"" is not an acceptable solution. If the cause fo the leak is not immediately obvious we should just revert the percentiles in 2.6 and work on stabilizing them for 2.7","Percentile metrics retain large backing float arrays after they are no longer needed, causing unbounded heap retention and eventual OOM.",Fixed
